test_used,statistic,p_value,cohens_d,effect_size,n_a,n_b,mean_a,mean_b,shapiro_p_a,shapiro_p_b,both_groups_normal,outlier_model,primary_model,perturbation_id,severity,skipped,p_value_fdr_bh,significant_fdr_bh
mann_whitney_u,7850291.0,1.445735824907692e-05,0.2659526817293931,medium,3854,3854,0.9754926268811625,0.9667798181110534,2.660838159201321e-62,2.019836536963987e-61,False,quilt_llava,conch,1,mild,False,1.6264528030211534e-05,True
mann_whitney_u,9961057.5,2.0667174923109933e-148,0.6299903436262023,medium,3854,3854,0.9517732013492476,0.9182297932018681,7.307085238862838e-59,7.179247396988599e-52,False,quilt_llava,conch,1,moderate,False,3.2505653762561254e-148,True
mann_whitney_u,11355236.0,0.0,0.8598453699858062,large,3854,3854,0.9402777254800206,0.8915358661131293,4.9372777905227115e-60,7.995229307042797e-49,False,quilt_llava,conch,1,severe,False,0.0,True
mann_whitney_u,5199318.5,4.414842281220603e-115,-0.17283896728893963,small,3854,3854,0.9980759867669954,0.9986992976128697,2.765478654570235e-78,3.9197021609500807e-81,False,quilt_llava,conch,2,mild,False,6.385754013908372e-115,True
mann_whitney_u,6874866.0,1.6158754010446236e-08,-0.04460630545449073,small,3854,3854,0.9846534885832902,0.9855381255838092,8.477687018332566e-66,2.3893846655699815e-67,False,quilt_llava,conch,2,moderate,False,1.8968972099219494e-08,True
mann_whitney_u,7098104.0,0.0007697259054906995,0.05396349623461954,small,3854,3854,0.9564008728593669,0.9538571930461858,1.3017296684482907e-64,1.0547672284701862e-58,False,quilt_llava,conch,2,severe,False,0.0008482693652346484,True
mann_whitney_u,11303808.5,0.0,0.6323168257865126,medium,3854,3854,0.9895263406850027,0.98375980539699,1.6202382763795775e-74,1.7823094977547362e-55,False,quilt_llava,conch,3,mild,False,0.0,True
mann_whitney_u,1769365.0,0.0,-0.6165470178564525,medium,3854,3854,0.999132316035288,0.999732672548002,1.4901468818682272e-78,4.9151910797877553e-82,False,quilt_llava,conch,3,moderate,False,0.0,True
mann_whitney_u,11700990.0,0.0,0.8340621744908387,large,3854,3854,0.9928454532952776,0.9870200031136481,4.5783632424387314e-64,3.535423683671901e-58,False,quilt_llava,conch,3,severe,False,0.0,True
mann_whitney_u,9941755.5,3.4403233849090523e-146,0.457831777890683,medium,3854,3854,0.99453326336274,0.9919110119356512,1.7272375420501685e-72,6.273406280183106e-62,False,quilt_llava,conch,4,mild,False,5.307927508145395e-146,True
mann_whitney_u,12082377.5,0.0,1.0475937460312401,large,3854,3854,0.972191439283861,0.9427100537104308,1.6650605507651477e-65,9.222300408368923e-46,False,quilt_llava,conch,4,moderate,False,0.0,True
mann_whitney_u,13939660.0,0.0,1.9367639356058728,large,3854,3854,0.9332300298391283,0.8214897254800209,1.5383497885040857e-54,2.410238934883843e-29,False,quilt_llava,conch,4,severe,False,0.0,True
mann_whitney_u,8697991.5,1.0073811407704396e-38,0.6496946573451989,medium,3854,3854,0.9846411040477426,0.958334750389206,6.497231379037739e-67,4.6419754840499517e-60,False,quilt_llava,conch,5,mild,False,1.3055659584384898e-38,True
mann_whitney_u,10840011.0,1.650199965369272e-267,0.9954001046709238,large,3854,3854,0.9653158235599378,0.872822152309289,2.218831305365893e-61,1.6729898674926977e-50,False,quilt_llava,conch,5,moderate,False,2.9703599376646895e-267,True
mann_whitney_u,11244766.5,0.0,0.9954845575016398,large,3854,3854,0.9441088271925272,0.8463569540736897,4.007925375143012e-56,2.632923083239688e-46,False,quilt_llava,conch,5,severe,False,0.0,True
mann_whitney_u,3903211.0,6.672493863438487e-285,-0.6911992013234316,medium,3854,3854,0.9223623388687079,0.9511011769590036,3.905366295349768e-68,2.512376204501426e-38,False,quilt_llava,conch,6,mild,False,1.2569116347407382e-284,True
mann_whitney_u,9312242.0,5.0642701627828855e-83,0.15556027753224033,small,3854,3854,0.8585532644006227,0.8474828183705242,1.2133936016321976e-62,1.8857778904616591e-34,False,quilt_llava,conch,6,moderate,False,7.134015359746325e-83,True
mann_whitney_u,10656651.5,9.166117509144596e-240,0.6259882589646337,medium,3854,3854,0.8062690601971978,0.750706006486767,1.7349547453107915e-54,6.973564109068352e-23,False,quilt_llava,conch,6,severe,False,1.563064248927815e-239,True
mann_whitney_u,8494637.0,8.008600860977661e-28,0.23615923970491426,medium,3854,3854,0.9201579473274519,0.9108439452516865,8.248021957593018e-60,2.899548398966354e-37,False,quilt_llava,conch,7,mild,False,9.903765950216649e-28,True
mann_whitney_u,10181386.5,5.746535081117702e-175,0.6179505608649203,medium,3854,3854,0.8363397804878049,0.7883882996886352,7.736949421298177e-51,2.233577255106642e-22,False,quilt_llava,conch,7,moderate,False,9.217214684565027e-175,True
mann_whitney_u,8944487.5,1.9106432172125795e-54,0.34752115795244276,medium,3854,3854,0.748229469901401,0.7154836886351842,1.787251835249842e-26,3.732461508184082e-08,False,quilt_llava,conch,7,severe,False,2.5580512494912222e-54,True
mann_whitney_u,6064778.5,3.529946743051145e-44,0.15682273725673965,small,3854,3854,0.9546638606642448,0.9475729006227296,2.2723767678820297e-55,3.764628913930876e-60,False,quilt_llava,conch,8,mild,False,4.649198149384435e-44,True
mann_whitney_u,13604141.0,0.0,1.761828927829327,large,3854,3854,0.9086516045666839,0.7665044159314998,1.524095763728831e-54,5.4061501256091e-29,False,quilt_llava,conch,8,moderate,False,0.0,True
mann_whitney_u,14644188.5,0.0,2.995629054094182,large,3854,3854,0.8351511974571872,0.5395012618059158,3.45755126052968e-41,5.517443791866865e-13,False,quilt_llava,conch,8,severe,False,0.0,True
mann_whitney_u,14355872.5,0.0,2.366895363057534,large,3854,3854,0.8693046852620654,0.6129496520498183,3.194010349583705e-37,4.35119402971004e-19,False,quilt_llava,conch,9,mild,False,0.0,True
mann_whitney_u,14750812.5,0.0,3.412362725161664,large,3854,3854,0.8228232602490918,0.4351264810586404,6.529129562397607e-31,0.0002635603785059275,False,quilt_llava,conch,9,moderate,False,0.0,True
mann_whitney_u,14827798.0,0.0,4.115195752444049,large,3854,3854,0.798294458744162,0.365610842760768,1.1193489752248797e-28,9.346310065734898e-07,False,quilt_llava,conch,9,severe,False,0.0,True
mann_whitney_u,9044036.0,1.4165779922222605e-61,0.5538740876261301,medium,3854,3854,0.9222959724961078,0.9007717026466008,1.403904078019479e-50,1.3768996409592993e-39,False,quilt_llava,conch,10,mild,False,1.9284507121008923e-61,True
mann_whitney_u,11072089.5,8.105102081248064e-305,0.9680386690740358,large,3854,3854,0.8782018323819408,0.8237060832900882,1.7798874310684405e-47,6.667479057942686e-32,False,quilt_llava,conch,10,moderate,False,1.5819596833279353e-304,True
mann_whitney_u,13479435.5,0.0,1.7438388230279973,large,3854,3854,0.8448038370524131,0.7040694514789829,1.602035332845959e-54,6.67699673164923e-24,False,quilt_llava,conch,10,severe,False,0.0,True
mann_whitney_u,7373025.0,0.5829745739447315,-0.021846645219133164,small,3854,3854,0.9781120747275558,0.9784084509600416,3.305326653500039e-66,1.1512181362651392e-51,False,quilt_llava,conch,11,mild,False,0.6093024579293322,False
mann_whitney_u,4140248.5,3.877483085112133e-248,-0.5467514813617724,medium,3854,3854,0.9842048207057603,0.9894170941878567,7.666156695212381e-73,6.972946330521871e-52,False,quilt_llava,conch,11,moderate,False,6.827741954219191e-248,True
mann_whitney_u,7221197.5,0.03543703405052528,-0.04333176630478419,small,3854,3854,0.9778638092890504,0.9784572332641411,1.040482732825467e-65,2.6864113452457205e-52,False,quilt_llava,conch,11,severe,False,0.0380185398422854,True
mann_whitney_u,13824138.5,0.0,1.836687880868453,large,3854,3854,0.9117590531914894,0.839183912558381,2.3356902894417742e-49,2.3536883871766774e-34,False,quilt_llava,conch,12,mild,False,0.0,True
mann_whitney_u,12192248.0,0.0,0.746887348655505,medium,3854,3854,0.9681045067462376,0.9450373292682925,1.0209930748639287e-74,1.8516526915791826e-54,False,quilt_llava,conch,12,moderate,False,0.0,True
mann_whitney_u,13397472.0,0.0,1.3532691860097683,large,3854,3854,0.9418605980799168,0.8669583738972496,2.3579425890172504e-70,5.214499436035766e-42,False,quilt_llava,conch,12,severe,False,0.0,True
mann_whitney_u,6400983.0,8.637664575973776e-26,-0.23780813584971955,medium,3854,3854,0.9894702911261027,0.9911690308770108,3.636801315605105e-74,3.7972667090029554e-48,False,quilt_llava,conch,13,mild,False,1.0600770161422362e-25,True
mann_whitney_u,7622272.5,0.04522736430754234,-0.08929741251123403,small,3854,3854,0.9858236940840684,0.9867205954852102,2.1100490013488113e-74,2.619286174656413e-46,False,quilt_llava,conch,13,moderate,False,0.0482028488014596,True
mann_whitney_u,7638759.5,0.029907453123199857,-0.07032528068624287,small,3854,3854,0.9823841816294758,0.9832492140633108,1.0088718019443024e-72,2.8173983472096454e-51,False,quilt_llava,conch,13,severe,False,0.03230004937305585,True
mann_whitney_u,7889982.0,2.1045030629765915e-06,-0.09108697648821495,small,3854,3854,0.9153399335755059,0.9193839906590555,1.1314471235254532e-67,1.4200874804493694e-37,False,quilt_llava,conch,14,mild,False,2.4009119450859707e-06,True
mann_whitney_u,9247201.0,1.604149307221646e-77,0.29328700913327754,medium,3854,3854,0.8024800988583289,0.7781653391281785,3.1188202778337193e-53,2.4077347907761456e-27,False,quilt_llava,conch,14,moderate,False,2.2402774807750574e-77,True
mann_whitney_u,8263271.0,1.0850449659540333e-17,0.21394471826727773,medium,3854,3854,0.6366237623248574,0.614684901141671,3.65227081959217e-10,0.020171515573114654,False,quilt_llava,conch,14,severe,False,1.30205395914484e-17,True
mann_whitney_u,1864184.5,0.0,-1.237283311406631,large,3854,3854,0.9016805464452516,0.9466036624286455,4.325105947735253e-62,2.89258340689616e-41,False,quilt_llava,conch,15,mild,False,0.0,True
mann_whitney_u,9374381.5,1.8612617285223656e-88,0.4192968442381572,medium,3854,3854,0.8158755944473274,0.7860886014530358,4.2250004377894894e-52,1.1641655359133245e-27,False,quilt_llava,conch,15,moderate,False,2.644950877373888e-88,True
mann_whitney_u,10707842.5,2.345123735240576e-247,0.833762148833453,large,3854,3854,0.6567499034769072,0.5701044291645044,8.049565399836271e-06,0.058404048253419695,False,quilt_llava,conch,15,severe,False,4.085054248483584e-247,True
mann_whitney_u,6436947.5,3.991120709976579e-24,-0.2768687635625614,medium,3854,3854,0.9913324203425012,0.9932223559937727,7.919412795674702e-78,5.8694599156581605e-43,False,quilt_llava,conch,16,mild,False,4.861365075309818e-24,True
mann_whitney_u,7951956.0,7.550224275242489e-08,-0.11930873790236012,small,3854,3854,0.9827523671510119,0.9841357703684483,3.277161395692561e-74,1.0431911328056721e-38,False,quilt_llava,conch,16,moderate,False,8.799541961073979e-08,True
mann_whitney_u,9085440.0,1.1309602336141986e-64,0.07773111664740828,small,3854,3854,0.9762033876491957,0.9750138220031136,5.260248233442663e-72,4.318530260892581e-37,False,quilt_llava,conch,16,severe,False,1.5526742190296623e-64,True
mann_whitney_u,10781142.0,1.9579668892396009e-258,0.7302920245681916,medium,3854,3854,0.9718691562013493,0.9610950555267254,4.825748731147678e-65,2.8890860702893454e-42,False,quilt_llava,conch,17,mild,False,3.4856113852397287e-258,True
zero_variance_identical,,1.0,0.0,none,3854,3854,1.0,1.0,,,False,quilt_llava,conch,17,moderate,False,1.0,False
mann_whitney_u,8969907.0,3.186262555214708e-56,0.38322254829786845,medium,3854,3854,0.9190334636741049,0.8863012049818371,7.8338650281321e-62,5.913005430532165e-51,False,quilt_llava,conch,17,severe,False,4.301454449539856e-56,True
mann_whitney_u,11287995.0,0.0,0.680450189730097,medium,3854,3854,0.9882232467566164,0.9831557856772185,2.3906356088033656e-71,2.91266116225594e-45,False,quilt_llava,conch,18,mild,False,0.0,True
zero_variance_identical,,1.0,0.0,none,3854,3854,1.0,1.0,,,False,quilt_llava,conch,18,moderate,False,1.0,False
mann_whitney_u,9841159.5,6.908761196732015e-135,0.44650457919518416,medium,3854,3854,0.9862053858329007,0.981409426310327,7.498442475533148e-56,6.124046568337853e-52,False,quilt_llava,conch,18,severe,False,1.0459993587575573e-134,True
mann_whitney_u,9935525.5,1.778100896009147e-145,0.7643255027829262,medium,3854,3854,0.9754926268811625,0.9253394766476388,2.660838159201321e-62,9.170279938406506e-59,False,quilt_llava,gigapath_tile,1,mild,False,2.7174749542781305e-145,True
mann_whitney_u,13326511.0,0.0,1.540060527693941,large,3854,3854,0.9517732013492476,0.8043733977685522,7.307085238862838e-59,5.755766461779643e-38,False,quilt_llava,gigapath_tile,1,moderate,False,0.0,True
mann_whitney_u,14289233.5,0.0,2.1552431731924853,large,3854,3854,0.9402777254800206,0.7387403640373637,4.9372777905227115e-60,1.0139686113522757e-29,False,quilt_llava,gigapath_tile,1,severe,False,0.0,True
mann_whitney_u,8632382.5,5.300370653168153e-35,0.257876273613548,medium,3854,3854,0.9980759867669954,0.9955097545407369,2.765478654570235e-78,1.3588658107833999e-81,False,quilt_llava,gigapath_tile,2,mild,False,6.814762268359054e-35,True
mann_whitney_u,7366682.0,0.5392289650109006,0.2565256030511943,medium,3854,3854,0.9846534885832902,0.973976820965231,8.477687018332566e-66,5.810849823351496e-76,False,quilt_llava,gigapath_tile,2,moderate,False,0.5672408592971812,False
mann_whitney_u,8716621.5,8.148082922677823e-40,0.523482129631306,medium,3854,3854,0.9564008728593669,0.9069593663725998,1.3017296684482907e-64,8.117840081071295e-65,False,quilt_llava,gigapath_tile,2,severe,False,1.0645076076401672e-39,True
mann_whitney_u,14507204.5,0.0,1.8237739295597728,large,3854,3854,0.9895263406850027,0.9547004670472238,1.6202382763795775e-74,4.050268264762072e-59,False,quilt_llava,gigapath_tile,3,mild,False,0.0,True
mann_whitney_u,7734428.0,0.0016288527342925262,0.17602860178075175,small,3854,3854,0.999132316035288,0.9987078557343021,1.4901468818682272e-78,1.255348251734242e-82,False,quilt_llava,gigapath_tile,3,moderate,False,0.0017829333983472248,True
mann_whitney_u,14440791.5,0.0,1.4643590008320566,large,3854,3854,0.9928454532952776,0.9677235985988584,4.5783632424387314e-64,2.1169074234152484e-65,False,quilt_llava,gigapath_tile,3,severe,False,0.0,True
mann_whitney_u,11070336.5,1.5839390432326622e-304,0.7124723219018647,medium,3854,3854,0.99453326336274,0.9878231388168137,1.7272375420501685e-72,4.2214415816014335e-68,False,quilt_llava,gigapath_tile,4,mild,False,3.0547395833772775e-304,True
mann_whitney_u,12335362.0,0.0,1.186586691466183,large,3854,3854,0.972191439283861,0.9297679182667359,1.6650605507651477e-65,3.2479529299306015e-45,False,quilt_llava,gigapath_tile,4,moderate,False,0.0,True
mann_whitney_u,13963719.5,0.0,2.0608777534178446,large,3854,3854,0.9332300298391283,0.8000940168655941,1.5383497885040857e-54,5.132704602141164e-21,False,quilt_llava,gigapath_tile,4,severe,False,0.0,True
mann_whitney_u,10493568.5,2.2602736783687098e-216,0.8503222872553636,large,3854,3854,0.9846411040477426,0.935207587441619,6.497231379037739e-67,2.9048741078355244e-59,False,quilt_llava,gigapath_tile,5,mild,False,3.736370774446234e-216,True
mann_whitney_u,10926101.0,4.6085182954959385e-281,0.9293118682728677,large,3854,3854,0.9653158235599378,0.8887095225739492,2.218831305365893e-61,1.7996090981209502e-52,False,quilt_llava,gigapath_tile,5,moderate,False,8.581378895061402e-281,True
mann_whitney_u,11759637.5,0.0,1.1099277785324084,large,3854,3854,0.9441088271925272,0.8036403988064349,4.007925375143012e-56,3.665535256661139e-47,False,quilt_llava,gigapath_tile,5,severe,False,0.0,True
mann_whitney_u,1356742.5,0.0,-1.1015116581355529,large,3854,3854,0.9223623388687079,0.9678171533471717,3.905366295349768e-68,2.185590689069865e-55,False,quilt_llava,gigapath_tile,6,mild,False,0.0,True
mann_whitney_u,10551579.0,1.4857451512835438e-224,0.4431039660757629,medium,3854,3854,0.8585532644006227,0.8262065952257395,1.2133936016321976e-62,6.592342060354654e-23,False,quilt_llava,gigapath_tile,6,moderate,False,2.4813475722467434e-224,True
mann_whitney_u,12317285.5,0.0,1.2161846098383604,large,3854,3854,0.8062690601971978,0.6962808051375194,1.7349547453107915e-54,2.9866295109810474e-10,False,quilt_llava,gigapath_tile,6,severe,False,0.0,True
mann_whitney_u,13988607.5,0.0,2.0722935067040003,large,3854,3854,0.9201579473274519,0.7933322330046705,8.248021957593018e-60,3.4070794378092366e-18,False,quilt_llava,gigapath_tile,7,mild,False,0.0,True
mann_whitney_u,14465748.5,0.0,3.059182600769789,large,3854,3854,0.8363397804878049,0.544187696938246,7.736949421298177e-51,5.082303331562938e-11,False,quilt_llava,gigapath_tile,7,moderate,False,0.0,True
mann_whitney_u,14456899.5,0.0,3.039766706631098,large,3854,3854,0.748229469901401,0.42289059704203424,1.787251835249842e-26,2.3824165502992324e-22,False,quilt_llava,gigapath_tile,7,severe,False,0.0,True
mann_whitney_u,10204388.5,7.241162264309649e-178,0.8453436283529004,large,3854,3854,0.9546638606642448,0.8786110376232485,2.2723767678820297e-55,8.811296028180363e-57,False,quilt_llava,gigapath_tile,8,mild,False,1.1730682868181632e-177,True
mann_whitney_u,14763705.0,0.0,3.2744610576760587,large,3854,3854,0.9086516045666839,0.5193577887908666,1.524095763728831e-54,7.2078000457133225e-09,False,quilt_llava,gigapath_tile,8,moderate,False,0.0,True
mann_whitney_u,14852079.0,0.0,7.142501785366645,large,3854,3854,0.8351511974571872,0.25100551427088735,3.45755126052968e-41,2.4235086886367505e-28,False,quilt_llava,gigapath_tile,8,severe,False,0.0,True
mann_whitney_u,14479727.5,0.0,2.594789819640488,large,3854,3854,0.8693046852620654,0.5412752820446289,3.194010349583705e-37,1.6346270932002907e-14,False,quilt_llava,gigapath_tile,9,mild,False,0.0,True
mann_whitney_u,14832338.5,0.0,4.80400032819676,large,3854,3854,0.8228232602490918,0.36098185910742087,6.529129562397607e-31,3.71195885659176e-15,False,quilt_llava,gigapath_tile,9,moderate,False,0.0,True
mann_whitney_u,14851501.0,0.0,6.349864483492866,large,3854,3854,0.798294458744162,0.276935394654904,1.1193489752248797e-28,1.0333066335977134e-22,False,quilt_llava,gigapath_tile,9,severe,False,0.0,True
mann_whitney_u,11277768.0,0.0,0.8536499400979801,large,3854,3854,0.9222959724961078,0.8778394340944473,1.403904078019479e-50,8.294045947210856e-58,False,quilt_llava,gigapath_tile,10,mild,False,0.0,True
mann_whitney_u,14189495.0,0.0,1.799446029822797,large,3854,3854,0.8782018323819408,0.7123160685002595,1.7798874310684405e-47,4.730284549216985e-44,False,quilt_llava,gigapath_tile,10,moderate,False,0.0,True
mann_whitney_u,14747777.0,0.0,3.32515733298568,large,3854,3854,0.8448038370524131,0.5091175391800726,1.602035332845959e-54,1.1678340962844251e-11,False,quilt_llava,gigapath_tile,10,severe,False,0.0,True
mann_whitney_u,13982176.0,0.0,1.402952991817107,large,3854,3854,0.9781120747275558,0.9414944971458226,3.305326653500039e-66,1.5813484301916186e-66,False,quilt_llava,gigapath_tile,11,mild,False,0.0,True
mann_whitney_u,14208188.0,0.0,1.7782504305680762,large,3854,3854,0.9842048207057603,0.955175686299948,7.666156695212381e-73,1.0077953433664933e-47,False,quilt_llava,gigapath_tile,11,moderate,False,0.0,True
mann_whitney_u,13946442.0,0.0,1.3697752994849806,large,3854,3854,0.9778638092890504,0.9403938002075765,1.040482732825467e-65,7.069936180852976e-67,False,quilt_llava,gigapath_tile,11,severe,False,0.0,True
mann_whitney_u,13392367.5,0.0,1.5772202451580497,large,3854,3854,0.9117590531914894,0.8456671831863,2.3356902894417742e-49,2.4224652443192204e-42,False,quilt_llava,gigapath_tile,12,mild,False,0.0,True
mann_whitney_u,14110723.5,0.0,1.5930010180722605,large,3854,3854,0.9681045067462376,0.9058926606123507,1.0209930748639287e-74,3.9392576493625506e-60,False,quilt_llava,gigapath_tile,12,moderate,False,0.0,True
mann_whitney_u,14326223.5,0.0,2.2600418708529886,large,3854,3854,0.9418605980799168,0.7795971821484172,2.3579425890172504e-70,7.085396703751219e-48,False,quilt_llava,gigapath_tile,12,severe,False,0.0,True
mann_whitney_u,11198544.5,0.0,0.6420255968936128,medium,3854,3854,0.9894702911261027,0.9837263967306695,3.636801315605105e-74,2.2709322952435244e-48,False,quilt_llava,gigapath_tile,13,mild,False,0.0,True
mann_whitney_u,12229199.0,0.0,0.7945860309528637,medium,3854,3854,0.9858236940840684,0.9760419797612869,2.1100490013488113e-74,1.9942015340560736e-49,False,quilt_llava,gigapath_tile,13,moderate,False,0.0,True
mann_whitney_u,12185325.5,0.0,0.778946296721437,medium,3854,3854,0.9823841816294758,0.9705901821484172,1.0088718019443024e-72,1.4272632836279958e-60,False,quilt_llava,gigapath_tile,13,severe,False,0.0,True
mann_whitney_u,10899194.5,8.628194324764453e-277,0.570852615223232,medium,3854,3854,0.9153399335755059,0.8861493552153606,1.1314471235254532e-67,7.409264030782213e-31,False,quilt_llava,gigapath_tile,14,mild,False,1.5883721370589107e-276,True
mann_whitney_u,13340064.0,0.0,1.823224144959885,large,3854,3854,0.8024800988583289,0.6094208990659055,3.1188202778337193e-53,0.01307637723666506,False,quilt_llava,gigapath_tile,14,moderate,False,0.0,True
mann_whitney_u,14209627.5,0.0,2.679713178619993,large,3854,3854,0.6366237623248574,0.3326416772184742,3.65227081959217e-10,6.557431711135586e-30,False,quilt_llava,gigapath_tile,14,severe,False,0.0,True
mann_whitney_u,7289097.5,0.1590644483056718,-0.05017209771707338,small,3854,3854,0.9016805464452516,0.9039005321743643,4.325105947735253e-62,6.779304035053266e-34,False,quilt_llava,gigapath_tile,15,mild,False,0.16842118055894661,False
mann_whitney_u,13628452.0,0.0,1.9662792225094095,large,3854,3854,0.8158755944473274,0.6296073832381941,4.2250004377894894e-52,0.004729709051132157,False,quilt_llava,gigapath_tile,15,moderate,False,0.0,True
mann_whitney_u,14350993.5,0.0,2.794818066022517,large,3854,3854,0.6567499034769072,0.36924579216398545,8.049565399836271e-06,1.580480599550927e-23,False,quilt_llava,gigapath_tile,15,severe,False,0.0,True
mann_whitney_u,5124100.5,7.527804921139302e-123,-0.2808641808811572,medium,3854,3854,0.9913324203425012,0.9934547919045148,7.919412795674702e-78,8.309730058959549e-66,False,quilt_llava,gigapath_tile,16,mild,False,1.1086403611132426e-122,True
mann_whitney_u,4894720.0,3.976458765860396e-148,-0.3737651269983222,medium,3854,3854,0.9827523671510119,0.9874293204462895,3.277161395692561e-74,2.711069918973272e-63,False,quilt_llava,gigapath_tile,16,moderate,False,6.194099231436386e-148,True
mann_whitney_u,7023263.5,3.633747785610492e-05,-0.10759742423510038,small,3854,3854,0.9762033876491957,0.9779619411001557,5.260248233442663e-72,1.4699098573148013e-53,False,quilt_llava,gigapath_tile,16,severe,False,4.0597733880613775e-05,True
mann_whitney_u,4562314.5,5.317500365584384e-189,-0.12422462566909871,small,3854,3854,0.9718691562013493,0.9748902036844836,4.825748731147678e-65,4.478778064798182e-73,False,quilt_llava,gigapath_tile,17,mild,False,8.701364234592627e-189,True
zero_variance_identical,,1.0,0.0,none,3854,3854,1.0,1.0,,,False,quilt_llava,gigapath_tile,17,moderate,False,1.0,False
mann_whitney_u,11020067.5,3.0533778272448786e-296,0.8892513774147142,large,3854,3854,0.9190334636741049,0.791723072132849,7.8338650281321e-62,4.0328855897093506e-51,False,quilt_llava,gigapath_tile,17,severe,False,5.819378917807886e-296,True
mann_whitney_u,4843175.0,3.893531918698494e-154,-0.06415747059954528,small,3854,3854,0.9882232467566164,0.9888937810067463,2.3906356088033656e-71,2.0836749880118598e-72,False,quilt_llava,gigapath_tile,18,mild,False,6.18384481205055e-154,True
zero_variance_identical,,1.0,0.0,none,3854,3854,1.0,1.0,,,False,quilt_llava,gigapath_tile,18,moderate,False,1.0,False
mann_whitney_u,8058086.5,1.0194696606719931e-10,0.19030078901793285,small,3854,3854,0.9862053858329007,0.983897715620135,7.498442475533148e-56,1.2488568938618343e-61,False,quilt_llava,gigapath_tile,18,severe,False,1.2055042702836708e-10,True
mann_whitney_u,8614541.5,5.041220091870483e-34,0.4506190883885776,medium,3854,3854,0.9754926268811625,0.9580887405293202,2.660838159201321e-62,1.3109273553760333e-59,False,quilt_llava,uni,1,mild,False,6.430532715614317e-34,True
mann_whitney_u,12236302.5,0.0,1.146235563094393,large,3854,3854,0.9517732013492476,0.8772199314997404,7.307085238862838e-59,1.558298043401623e-44,False,quilt_llava,uni,1,moderate,False,0.0,True
mann_whitney_u,13655026.0,0.0,1.6090833209150444,large,3854,3854,0.9402777254800206,0.8193610282823041,4.9372777905227115e-60,2.3760254455204337e-41,False,quilt_llava,uni,1,severe,False,0.0,True
mann_whitney_u,8170679.0,2.6031260555837308e-14,0.20294880282896036,medium,3854,3854,0.9980759867669954,0.9968985215360664,2.765478654570235e-78,2.3111962329925994e-78,False,quilt_llava,uni,2,mild,False,3.100782507386503e-14,True
mann_whitney_u,7906648.0,8.935802407136233e-07,0.212785271948395,medium,3854,3854,0.9846534885832902,0.9785638448365335,8.477687018332566e-66,8.572678065063312e-72,False,quilt_llava,uni,2,moderate,False,1.0266666595433118e-06,True
mann_whitney_u,8528447.5,1.6624968830532633e-29,0.44268579358628274,medium,3854,3854,0.9564008728593669,0.9255101219512195,1.3017296684482907e-64,6.621736102925154e-61,False,quilt_llava,uni,2,severe,False,2.0717268850356048e-29,True
mann_whitney_u,14432123.5,0.0,1.6919432003617798,large,3854,3854,0.9895263406850027,0.9554214976647639,1.6202382763795775e-74,4.301932699825322e-54,False,quilt_llava,uni,3,mild,False,0.0,True
mann_whitney_u,3059254.0,0.0,-0.2921133338598762,medium,3854,3854,0.999132316035288,0.9995474660093409,1.4901468818682272e-78,8.109884186443101e-86,False,quilt_llava,uni,3,moderate,False,0.0,True
mann_whitney_u,14133963.5,0.0,1.3972147316926455,large,3854,3854,0.9928454532952776,0.9700560788790867,4.5783632424387314e-64,1.7370730622620612e-57,False,quilt_llava,uni,3,severe,False,0.0,True
mann_whitney_u,7782178.5,0.0002731481909837451,0.06816791170162492,small,3854,3854,0.99453326336274,0.9941794662688116,1.7272375420501685e-72,8.829211014628078e-74,False,quilt_llava,uni,4,mild,False,0.0003030822393107309,True
mann_whitney_u,9190821.0,6.578629282506273e-73,0.35852655160748637,medium,3854,3854,0.972191439283861,0.9650147215879605,1.6650605507651477e-65,2.003051321496758e-53,False,quilt_llava,uni,4,moderate,False,9.108871314239455e-73,True
mann_whitney_u,13656157.5,0.0,1.646476858816585,large,3854,3854,0.9332300298391283,0.8536835407368967,1.5383497885040857e-54,2.6222689448464858e-42,False,quilt_llava,uni,4,severe,False,0.0,True
mann_whitney_u,9738120.0,8.71006481880397e-124,0.8376359574426679,large,3854,3854,0.9846411040477426,0.928287953035807,6.497231379037739e-67,1.7672223689271475e-59,False,quilt_llava,uni,5,mild,False,1.2945233950882964e-123,True
mann_whitney_u,10578221.0,2.306166711109491e-228,0.932563088791555,large,3854,3854,0.9653158235599378,0.8721375524130773,2.218831305365893e-61,1.1009590887272607e-53,False,quilt_llava,uni,5,moderate,False,3.891656324997266e-228,True
mann_whitney_u,11551155.0,0.0,1.1256617780263976,large,3854,3854,0.9441088271925272,0.7867148956927867,4.007925375143012e-56,5.566645740519057e-47,False,quilt_llava,uni,5,severe,False,0.0,True
mann_whitney_u,644063.0,0.0,-1.354463720555477,large,3854,3854,0.9223623388687079,0.9773617304099637,3.905366295349768e-68,8.539181055361683e-53,False,quilt_llava,uni,6,mild,False,0.0,True
mann_whitney_u,6465989.0,7.994302366345438e-23,-0.2638671081537486,medium,3854,3854,0.8585532644006227,0.8781705264660093,1.2133936016321976e-62,8.554918506613901e-35,False,quilt_llava,uni,6,moderate,False,9.664753607074335e-23,True
mann_whitney_u,11074141.0,3.698610786761945e-305,0.7631843724067823,medium,3854,3854,0.8062690601971978,0.7377331956408926,1.7349547453107915e-54,3.2267097803999647e-09,False,quilt_llava,uni,6,severe,False,7.307011554334574e-305,True
mann_whitney_u,12800614.5,0.0,1.3743479845371336,large,3854,3854,0.9201579473274519,0.8493549665282824,8.248021957593018e-60,1.9369441281087997e-28,False,quilt_llava,uni,7,mild,False,0.0,True
mann_whitney_u,13875235.0,0.0,2.1030778865641135,large,3854,3854,0.8363397804878049,0.6456679470679813,7.736949421298177e-51,1.934161882550021e-09,False,quilt_llava,uni,7,moderate,False,0.0,True
mann_whitney_u,13970778.0,0.0,2.25620500582327,large,3854,3854,0.748229469901401,0.5135404507005709,1.787251835249842e-26,0.00014023342627626428,False,quilt_llava,uni,7,severe,False,0.0,True
mann_whitney_u,9677560.5,1.734323261298802e-117,0.7328182707972083,medium,3854,3854,0.9546638606642448,0.9007987789309807,2.2723767678820297e-55,3.1084115701252273e-58,False,quilt_llava,uni,8,mild,False,2.5311744894631167e-117,True
mann_whitney_u,14666612.5,0.0,2.8453223467268667,large,3854,3854,0.9086516045666839,0.6141474242345616,1.524095763728831e-54,7.037720454743906e-14,False,quilt_llava,uni,8,moderate,False,0.0,True
mann_whitney_u,14849948.0,0.0,5.880900749242348,large,3854,3854,0.8351511974571872,0.31385822418266734,3.45755126052968e-41,3.1387728901358824e-22,False,quilt_llava,uni,8,severe,False,0.0,True
mann_whitney_u,13979125.5,0.0,2.0070166696400675,large,3854,3854,0.8693046852620654,0.6192103425012975,3.194010349583705e-37,1.4871019116721731e-24,False,quilt_llava,uni,9,mild,False,0.0,True
mann_whitney_u,14822917.0,0.0,4.219414062377069,large,3854,3854,0.8228232602490918,0.37643442838609237,6.529129562397607e-31,2.6305476802569135e-10,False,quilt_llava,uni,9,moderate,False,0.0,True
mann_whitney_u,14850561.0,0.0,6.19049083125172,large,3854,3854,0.798294458744162,0.26369917410482613,1.1193489752248797e-28,1.4955124927908624e-19,False,quilt_llava,uni,9,severe,False,0.0,True
mann_whitney_u,12595368.0,0.0,1.4980569395556176,large,3854,3854,0.9222959724961078,0.816482803061754,1.403904078019479e-50,2.845099891950575e-30,False,quilt_llava,uni,10,mild,False,0.0,True
mann_whitney_u,14173244.0,0.0,2.271378148756413,large,3854,3854,0.8782018323819408,0.6816591128697458,1.7798874310684405e-47,1.0187492265527651e-16,False,quilt_llava,uni,10,moderate,False,0.0,True
mann_whitney_u,14701958.5,0.0,3.3139816261607233,large,3854,3854,0.8448038370524131,0.5032345695381422,1.602035332845959e-54,1.1096789934380762e-15,False,quilt_llava,uni,10,severe,False,0.0,True
mann_whitney_u,14255270.0,0.0,1.6876173918911546,large,3854,3854,0.9781120747275558,0.901474362999481,3.305326653500039e-66,3.2765849598917527e-44,False,quilt_llava,uni,11,mild,False,0.0,True
mann_whitney_u,14514738.0,0.0,1.861444013750496,large,3854,3854,0.9842048207057603,0.9123842052413077,7.666156695212381e-73,8.113292310267254e-45,False,quilt_llava,uni,11,moderate,False,0.0,True
mann_whitney_u,14157018.0,0.0,1.6649821570647352,large,3854,3854,0.9778638092890504,0.9120692693305658,1.040482732825467e-65,8.060964762616961e-47,False,quilt_llava,uni,11,severe,False,0.0,True
mann_whitney_u,14720956.5,0.0,2.6951020396017995,large,3854,3854,0.9117590531914894,0.7428338775298392,2.3356902894417742e-49,1.2637260473029838e-34,False,quilt_llava,uni,12,mild,False,0.0,True
mann_whitney_u,13853758.0,0.0,1.2857383195729035,large,3854,3854,0.9681045067462376,0.9089509475869226,1.0209930748639287e-74,1.9342320076903895e-62,False,quilt_llava,uni,12,moderate,False,0.0,True
mann_whitney_u,14122636.5,0.0,1.8589263232460462,large,3854,3854,0.9418605980799168,0.8019764161909705,2.3579425890172504e-70,3.4073374155739975e-46,False,quilt_llava,uni,12,severe,False,0.0,True
mann_whitney_u,9382634.5,3.426196551425047e-89,0.41222371266938135,medium,3854,3854,0.9894702911261027,0.9854801380384017,3.636801315605105e-74,2.8658048303252705e-52,False,quilt_llava,uni,13,mild,False,4.9118924011580315e-89,True
mann_whitney_u,10703673.5,9.83815166326673e-247,0.5455004756950208,medium,3854,3854,0.9858236940840684,0.9788770838090296,2.1100490013488113e-74,4.1716720606529305e-50,False,quilt_llava,uni,13,moderate,False,1.6955112440949044e-246,True
mann_whitney_u,10840712.0,1.2838957133948042e-267,0.5611342847002854,medium,3854,3854,0.9823841816294758,0.9738890544888428,1.0088718019443024e-72,1.4863251423368038e-52,False,quilt_llava,uni,13,severe,False,2.336978714269194e-267,True
mann_whitney_u,6966733.0,2.497606269280472e-06,-0.10479509879123067,small,3854,3854,0.9153399335755059,0.9206618912817852,1.1314471235254532e-67,2.1389326290476993e-39,False,quilt_llava,uni,14,mild,False,2.829456053310744e-06,True
mann_whitney_u,12472874.0,0.0,1.3640599759779708,large,3854,3854,0.8024800988583289,0.649832784379865,3.1188202778337193e-53,1.6139927811341662e-17,False,quilt_llava,uni,14,moderate,False,0.0,True
mann_whitney_u,14445607.5,0.0,2.7581587301537906,large,3854,3854,0.6366237623248574,0.330148868707836,3.65227081959217e-10,3.9481906086888005e-23,False,quilt_llava,uni,14,severe,False,0.0,True
mann_whitney_u,6240097.0,5.949420247533884e-34,-0.17095826799290031,small,3854,3854,0.9016805464452516,0.9104483855734303,4.325105947735253e-62,1.6785818742007843e-38,False,quilt_llava,uni,15,mild,False,7.529735000785073e-34,True
mann_whitney_u,11866099.5,0.0,1.260126493564628,large,3854,3854,0.8158755944473274,0.667476770627919,4.2250004377894894e-52,1.0404194477737264e-26,False,quilt_llava,uni,15,moderate,False,0.0,True
mann_whitney_u,14034801.0,0.0,2.305416758685797,large,3854,3854,0.6567499034769072,0.40701892656979766,8.049565399836271e-06,6.713787006911599e-15,False,quilt_llava,uni,15,severe,False,0.0,True
mann_whitney_u,8807703.0,2.2153187885605237e-45,0.26699474027282744,medium,3854,3854,0.9913324203425012,0.9889650653866113,7.919412795674702e-78,3.469067690015505e-49,False,quilt_llava,uni,16,mild,False,2.941652817596761e-45,True
mann_whitney_u,7428698.0,0.9833424121542389,0.11590513021543579,small,3854,3854,0.9827523671510119,0.9809719566683964,3.277161395692561e-74,3.8564780712010647e-51,False,quilt_llava,uni,16,moderate,False,1.0,False
mann_whitney_u,7151150.0,0.004796128424806843,0.05910978086042037,small,3854,3854,0.9762033876491957,0.9750748658536584,5.260248233442663e-72,2.9701413325599573e-52,False,quilt_llava,uni,16,severe,False,0.005214582582675896,True
mann_whitney_u,906741.5,0.0,-1.127696964357304,large,3854,3854,0.9718691562013493,0.9877660653866114,4.825748731147678e-65,1.375281397024979e-79,False,quilt_llava,uni,17,mild,False,0.0,True
zero_variance_identical,,1.0,0.0,none,3854,3854,1.0,1.0,,,False,quilt_llava,uni,17,moderate,False,1.0,False
mann_whitney_u,9783019.0,1.4530551908532631e-128,0.7698228709203766,medium,3854,3854,0.9190334636741049,0.8210663764919565,7.8338650281321e-62,2.036860534910579e-48,False,quilt_llava,uni,17,severe,False,2.1795827862798948e-128,True
mann_whitney_u,7912272.5,6.650103786859257e-07,0.2031581419218208,medium,3854,3854,0.9882232467566164,0.9865368676699533,2.3906356088033656e-71,1.618834817024813e-59,False,quilt_llava,uni,18,mild,False,7.695120096222855e-07,True
zero_variance_identical,,1.0,0.0,none,3854,3854,1.0,1.0,,,False,quilt_llava,uni,18,moderate,False,1.0,False
mann_whitney_u,8604210.0,1.8298878485238794e-33,0.24430378154201357,medium,3854,3854,0.9862053858329007,0.9833514846912298,7.498442475533148e-56,2.792568811714975e-60,False,quilt_llava,uni,18,severe,False,2.2979986934951045e-33,True
