test_used,statistic,p_value,cohens_d,effect_size,n_a,n_b,mean_a,mean_b,shapiro_p_a,shapiro_p_b,both_groups_normal,model_a,model_b,severity,skipped,p_value_bonferroni,significant_bonferroni
mann_whitney_u,202.0,0.21140013326822704,0.31912863542166936,medium,18,18,0.9334269444444446,0.9093035,5.291760343468114e-05,0.08037812615612028,False,conch,quilt_llava,mild,False,1.0,False
mann_whitney_u,178.0,0.6236286198474463,0.13313025603242298,small,18,18,0.8653029999999999,0.8472796666666667,0.017844142273078987,0.036594054819709905,False,conch,quilt_llava,moderate,False,1.0,False
welch_t_test,0.5359430992048152,0.595487718218145,0.17864769973493844,small,18,18,0.7871629444444445,0.7576026666666666,0.06813941342851258,0.2885050880468456,True,conch,quilt_llava,severe,False,1.0,False
mann_whitney_u,114.0,0.132881986620485,-0.35673165628834447,medium,18,18,0.9334269444444446,0.9584187222222224,5.291760343468114e-05,5.0571024318552334e-05,False,conch,uni,mild,False,1.0,False
mann_whitney_u,116.0,0.14973064243274758,-0.5603262761468337,medium,18,18,0.8653029999999999,0.929565,0.017844142273078987,0.00026859366001275687,False,conch,uni,moderate,False,1.0,False
mann_whitney_u,118.0,0.16873524285558883,-0.5000614582347387,medium,18,18,0.7871629444444445,0.8615802222222223,0.06813941342851258,0.018496039045520014,False,conch,uni,severe,False,1.0,False
mann_whitney_u,80.5,0.010380447741863226,-0.7600560182722766,medium,18,18,0.9093035,0.9584187222222224,0.08037812615612028,5.0571024318552334e-05,False,quilt_llava,uni,mild,False,0.09342402967676904,False
mann_whitney_u,106.0,0.07890531025913959,-0.7075530013125401,medium,18,18,0.8472796666666667,0.929565,0.036594054819709905,0.00026859366001275687,False,quilt_llava,uni,moderate,False,0.7101477923322563,False
mann_whitney_u,97.0,0.04128168070817079,-0.692399296746143,medium,18,18,0.7576026666666666,0.8615802222222223,0.2885050880468456,0.018496039045520014,False,quilt_llava,uni,severe,False,0.3715351263735371,False
