model,perturbation_id,n_tiles,coef,p_value,p_value_bonferroni,significant_bonferroni
uni,2,208116,0.08210092933748665,0.0,0.0,True
uni,3,208116,0.09011844741394778,0.0,0.0,True
uni,4,208116,0.05273600942742086,2.3871460834754028e-163,1.2890588850767175e-161,True
uni,5,208116,-0.0225097663898989,2.7628756814654337e-31,1.4919528679913341e-29,True
uni,6,208116,-0.02046808259817022,3.7205312036661864e-26,2.009086849979741e-24,True
uni,7,208116,-0.21536877867150978,0.0,0.0,True
uni,8,208116,-0.27528842432103523,0.0,0.0,True
uni,9,208116,-0.46510858510637476,0.0,0.0,True
uni,10,208116,-0.21776440494724253,0.0,0.0,True
uni,11,208116,0.023752712419994455,1.213469521859512e-34,6.552735418041365e-33,True
uni,12,208116,-0.06696948633453184,7.364822315501607e-262,3.9770040503708675e-260,True
uni,13,208116,0.09452552534163144,0.0,0.0,True
uni,14,208116,-0.25134205198061893,0.0,0.0,True
uni,15,208116,-0.22324187251341895,0.0,0.0,True
uni,16,208116,0.09678072919910333,0.0,0.0,True
uni,17,208116,0.0513875805224019,3.220164779348168e-155,1.7388889808480106e-153,True
uni,18,208116,0.10507288401661377,0.0,0.0,True
conch,2,208116,0.05384971293893952,0.0,0.0,True
conch,3,208116,0.06465566787753577,0.0,0.0,True
conch,4,208116,-0.006811562099996793,7.698255681071175e-07,4.157058067778434e-05,True
conch,5,208116,-0.03301054021795689,1.2151542182049603e-126,6.561832778306786e-125,True
conch,6,208116,-0.07575182520325677,0.0,0.0,True
conch,7,208116,-0.12060984795018158,0.0,0.0,True
conch,8,208116,-0.17432229968861715,0.0,0.0,True
conch,9,208116,-0.4542861671855992,0.0,0.0,True
conch,10,208116,-0.11599941333679464,0.0,0.0,True
conch,11,208116,0.05657910032866061,0.0,0.0,True
conch,12,208116,-0.04178862056736273,1.4735624797423523e-201,7.957237390608703e-200,True
conch,13,208116,0.06153112099982146,0.0,0.0,True
conch,14,208116,-0.15477041549904086,0.0,0.0,True
conch,15,208116,-0.15791626145996862,0.0,0.0,True
conch,16,208116,0.05860882364643144,0.0,0.0,True
conch,17,208116,0.023616927694171994,8.525278379257538e-66,4.60365032479907e-64,True
conch,18,208116,0.06267324485383918,0.0,0.0,True
gigapath_tile,2,208116,0.13599756780833855,0.0,0.0,True
gigapath_tile,3,208116,0.15089289430894873,0.0,0.0,True
gigapath_tile,4,208116,0.08307727849851625,0.0,0.0,True
gigapath_tile,5,208116,0.05303475678948091,1.414058937420371e-157,7.635918262070004e-156,True
gigapath_tile,6,208116,0.007283771752287692,0.00023669883916727416,0.012781737315032805,True
gigapath_tile,7,208116,-0.23601423715620165,0.0,0.0,True
gigapath_tile,8,208116,-0.2731596325895007,0.0,0.0,True
gigapath_tile,9,208116,-0.4297535675488593,0.0,0.0,True
gigapath_tile,10,208116,-0.12306006555959269,0.0,0.0,True
gigapath_tile,11,208116,0.12287024839992987,0.0,0.0,True
gigapath_tile,12,208116,0.02090126249785115,5.190765787270678e-26,2.8030135251261662e-24,True
gigapath_tile,13,208116,0.15396844006226706,0.0,0.0,True
gigapath_tile,14,208116,-0.2134137689845983,0.0,0.0,True
gigapath_tile,15,208116,-0.18856651029235036,0.0,0.0,True
gigapath_tile,16,208116,0.16346427166580454,0.0,0.0,True
gigapath_tile,17,208116,0.09938667912126078,0.0,0.0,True
gigapath_tile,18,208116,0.16811275272444925,0.0,0.0,True
