test_used,statistic,p_value,cohens_d,effect_size,n_a,n_b,mean_a,mean_b,shapiro_p_a,shapiro_p_b,both_groups_normal,model,perturbation_id,severity,skipped,p_value_bonferroni,significant_bonferroni
mann_whitney_u,842461.5,5.1353760656143404e-189,-0.8890157649644971,large,1989,1865,0.9515075449974861,0.9830675131367292,1.8108668660682616e-41,7.598901304743269e-51,False,conch,1,mild,False,8.319309226295232e-187,True
mann_whitney_u,642871.0,5.511558570828839e-270,-1.112655058015621,large,1989,1865,0.8874544685771745,0.9510513056300268,1.1326044802679e-34,9.102907919756419e-44,False,conch,1,moderate,False,8.928724884742719e-268,True
mann_whitney_u,870283.0,7.005228147917351e-179,-0.8884493242682138,large,1989,1865,0.864403029160382,0.920472709383378,1.2890463701283229e-33,3.754869218017128e-40,False,conch,1,severe,False,1.1348469599626108e-176,True
mann_whitney_u,1465257.0,1.5978070213400584e-29,-0.3065990069634939,medium,1989,1865,0.9982265490196077,0.9992034782841822,1.594842527693681e-64,2.084881580104169e-59,False,conch,2,mild,False,2.5884473745708948e-27,True
mann_whitney_u,1203950.5,2.8153335137538796e-79,-0.45441722492140807,medium,1989,1865,0.9812397275012569,0.9901223152815013,2.130950218570388e-50,4.0451718797421874e-56,False,conch,2,moderate,False,4.560840292281285e-77,True
mann_whitney_u,969104.0,3.6854982574808716e-145,-0.7632031347894311,medium,1989,1865,0.9370837536450478,0.9717458638069705,1.6255913560315647e-39,1.3447099804600173e-50,False,conch,2,severe,False,5.970507177119012e-143,True
mann_whitney_u,1016811.0,3.7479588841693525e-130,-0.5992057117645283,medium,1989,1865,0.9811406400201107,0.9865531136729223,1.1337321382626513e-33,4.850346828335422e-52,False,conch,3,mild,False,6.071693392354351e-128,True
mann_whitney_u,1062268.5,1.263333306592626e-116,-0.22285790640152436,medium,1989,1865,0.9996698471593766,0.999799675067024,4.05839479780265e-59,2.703771889432338e-68,False,conch,3,moderate,False,2.0465999566800543e-114,True
mann_whitney_u,1057706.5,6.014846178751045e-118,-0.4762660940840581,medium,1989,1865,0.9850831327300151,0.9890856520107238,2.728350690381425e-43,1.3595539562489741e-50,False,conch,3,severe,False,9.744050809576693e-116,True
mann_whitney_u,731214.5,2.340686951328971e-232,-0.7516657806414824,medium,1989,1865,0.989701120160885,0.9942678348525468,9.599217933498686e-43,6.431714803653598e-58,False,conch,4,mild,False,3.791912861152933e-230,True
mann_whitney_u,828166.0,2.4740504039343533e-194,-0.8786142215312446,large,1989,1865,0.9290112926093514,0.957319617158177,1.3727514451018738e-32,4.763431836713267e-42,False,conch,4,moderate,False,4.007961654373652e-192,True
mann_whitney_u,1236217.0,8.601831509371113e-72,-0.5740177022281576,medium,1989,1865,0.8017296133735545,0.8425636466487937,4.747305110763632e-20,1.272055695594941e-24,False,conch,4,severe,False,1.3934967045181204e-69,True
mann_whitney_u,2563653.5,1.0296116406804472e-93,0.765399319645356,medium,1989,1865,0.9771452086475615,0.9382736235924933,9.453940188077193e-56,1.662263838035708e-36,False,conch,5,mild,False,1.6679708579023246e-91,True
mann_whitney_u,2273090.5,8.400309407955744e-34,0.5118785143953903,medium,1989,1865,0.9032776465560584,0.8403417351206435,4.5164425362342e-45,1.995206282440345e-31,False,conch,5,moderate,False,1.3608501240888305e-31,True
mann_whitney_u,2124966.5,4.961240458272609e-15,0.29539021324315956,medium,1989,1865,0.8646616862745098,0.8268351780160857,1.600326861851542e-40,1.2441063012084556e-30,False,conch,5,severe,False,8.037209542401627e-13,True
mann_whitney_u,1920095.0,0.058340542697906,0.010419007853013048,small,1989,1865,0.9512005087983912,0.9509952407506702,2.503948850088446e-33,2.3161168417367984e-22,False,conch,6,mild,False,1.0,False
mann_whitney_u,1698510.0,6.017855970056095e-06,-0.1882353957532926,small,1989,1865,0.8421863262946204,0.8531314632707774,3.7551416353242214e-29,7.835957561021636e-18,False,conch,6,moderate,False,0.0009748926671490875,True
mann_whitney_u,1201011.5,5.609904821433396e-80,-0.6477325716889818,medium,1989,1865,0.7244812986425341,0.7786743410187668,5.695935991767746e-15,2.4660218752345533e-13,False,conch,6,severe,False,9.088045810722101e-78,True
mann_whitney_u,1868642.5,0.6872104298493733,0.005785790254664078,small,1989,1865,0.9109626721970839,0.9107173243967829,1.0418795394595756e-32,3.3709647884101896e-22,False,conch,7,mild,False,1.0,False
mann_whitney_u,1727093.0,0.00021750805948599628,-0.11564217208200452,small,1989,1865,0.7834926576168929,0.7936094428954424,4.5226752859247745e-19,6.825733183026959e-14,False,conch,7,moderate,False,0.0352363056367314,True
mann_whitney_u,1660026.5,1.694989692396606e-08,-0.18334741884467817,small,1989,1865,0.7062501146304676,0.7253311839142091,2.6528948882681396e-07,9.588507578457821e-07,False,conch,7,severe,False,2.745883301682502e-06,True
mann_whitney_u,1416268.0,5.778082197523903e-37,-0.05605944529412819,small,1989,1865,0.9459807918552036,0.9492708654155495,6.739717500299505e-42,4.023610213195635e-50,False,conch,8,mild,False,9.360493159988723e-35,True
mann_whitney_u,1087674.5,2.1729229439650506e-109,-0.7513845484501928,medium,1989,1865,0.730522240824535,0.8048789715817694,4.251792242140899e-18,6.21049242514015e-23,False,conch,8,moderate,False,3.520135169223382e-107,True
mann_whitney_u,984177.0,2.497684010760677e-140,-0.8787319114351704,large,1989,1865,0.49119459074912014,0.591019743699732,0.05954644023512066,4.110120074276683e-09,False,conch,8,severe,False,4.046248097432297e-138,True
mann_whitney_u,893531.5,1.2540810278963842e-170,-0.9967669383262014,large,1989,1865,0.5511523197586726,0.6788557613941019,5.58867067050892e-06,7.731656691550175e-15,False,conch,9,mild,False,2.0316112651921424e-168,True
mann_whitney_u,807159.0,2.785737221655956e-202,-1.1046574667831017,large,1989,1865,0.365390498743087,0.5094990648793566,0.02760508547324037,0.036171748123461,False,conch,9,moderate,False,4.5128942990826486e-200,True
mann_whitney_u,1078279.5,4.890040240428611e-112,-0.7775450857025642,medium,1989,1865,0.31826490196078433,0.4161047174262735,3.0514403173832447e-05,0.013313655207040743,False,conch,9,severe,False,7.921865189494351e-110,True
mann_whitney_u,3144349.0,1.9102488161263168e-305,1.4366282803892443,large,1989,1865,0.9288502564102564,0.8708262638069705,5.632827076913437e-27,3.5880074854885664e-13,False,conch,10,mild,False,3.094603082124633e-303,True
mann_whitney_u,2852302.0,1.2836286896822238e-183,1.035749258992917,large,1989,1865,0.8559410537958775,0.7893278761394102,2.7742358770217886e-23,6.076171639486184e-10,False,conch,10,moderate,False,2.0794784772852026e-181,True
mann_whitney_u,2529299.0,4.9519888758014425e-85,0.6541508338972747,medium,1989,1865,0.734831660633484,0.6712619265415549,3.389139622196234e-18,4.046427575700527e-10,False,conch,10,severe,False,8.022221978798337e-83,True
mann_whitney_u,1533823.5,1.4523529022946144e-20,-0.25906027400349163,medium,1989,1865,0.9768336747109101,0.9800879308310992,5.808242370106401e-41,2.944619617772803e-38,False,conch,11,mild,False,2.3528117017172752e-18,True
mann_whitney_u,1435488.0,6.095487553206668e-34,-0.3544847240662601,medium,1989,1865,0.9883660522875817,0.99053801769437,3.3438682150593057e-40,7.85155100213337e-39,False,conch,11,moderate,False,9.874689836194803e-32,True
mann_whitney_u,1515523.0,8.65183095054463e-23,-0.259553549532573,medium,1989,1865,0.976856479638009,0.9801644176943699,3.0172324270085526e-41,2.1414309929200973e-39,False,conch,11,severe,False,1.4015966139882302e-20,True
mann_whitney_u,1125037.0,3.539918047540776e-99,-0.6587057254969628,medium,1989,1865,0.8238971980894921,0.8554870091152814,7.732681185452005e-19,1.4332328896344454e-32,False,conch,12,mild,False,5.734667237016057e-97,True
mann_whitney_u,1637315.0,3.005969623244741e-10,-0.1514208924021933,small,1989,1865,0.9427087224736048,0.9475207603217157,2.4772933318718257e-39,1.0980501959547114e-44,False,conch,12,moderate,False,4.8696707896564805e-08,True
mann_whitney_u,1638804.5,3.966957706049893e-10,-0.18783934179738776,small,1989,1865,0.8614299200603318,0.8728544032171582,6.137289687294252e-30,3.570973031413612e-33,False,conch,12,severe,False,6.426471483800827e-08,True
mann_whitney_u,1583203.5,3.662077764075963e-15,-0.2382683877218705,medium,1989,1865,0.9906219607843137,0.9917524745308312,6.100765354253225e-39,9.851581763941328e-34,False,conch,13,mild,False,5.932565977803061e-13,True
mann_whitney_u,1552655.5,2.1164926690632435e-18,-0.2833280782052547,medium,1989,1865,0.9857980930115636,0.9877044332439678,1.476544632276687e-35,7.569951516814222e-34,False,conch,13,moderate,False,3.4287181238824544e-16,True
mann_whitney_u,1546136.5,3.900577463658571e-19,-0.25310183141345033,medium,1989,1865,0.9821411256913023,0.9844309769436997,3.4873528552241186e-41,5.567146594592417e-37,False,conch,13,severe,False,6.318935491126885e-17,True
mann_whitney_u,2044952.5,3.587760498586213e-08,0.11973383456880206,small,1989,1865,0.9212731623931624,0.9173692117962466,1.170633067982397e-33,7.439009051381529e-21,False,conch,14,mild,False,5.812172007709665e-06,True
mann_whitney_u,1608237.0,9.278388404583127e-13,-0.21761932630704703,medium,1989,1865,0.7696407496229261,0.7872567109919572,6.232857904257929e-20,5.2937573916367545e-20,False,conch,14,moderate,False,1.5030989215424665e-10,True
mann_whitney_u,1225023.0,2.402746326280295e-74,-0.6005056703710483,medium,1989,1865,0.5806898582202112,0.6509402042895444,0.8366346539224632,2.4728603908340434e-06,False,conch,14,severe,False,3.8924490485740774e-72,True
mann_whitney_u,2125898.5,4.00126891188797e-15,0.22053873004003446,medium,1989,1865,0.9492864479638009,0.9437425040214478,8.971595524842113e-34,1.9103701697412109e-28,False,conch,15,mild,False,6.482055637258512e-13,True
mann_whitney_u,1830632.0,0.4849123948332231,-0.02990937193279481,small,1989,1865,0.7849261151332327,0.787328379088472,5.583124583463954e-22,7.22062575472367e-18,False,conch,15,moderate,False,1.0,False
mann_whitney_u,1158398.0,1.7308684689321933e-90,-0.6671732549054761,medium,1989,1865,0.5316401990950227,0.6111260664879357,0.02094002350145196,0.0017147709735367063,False,conch,15,severe,False,2.804006919670153e-88,True
mann_whitney_u,1810495.5,0.1999332127288792,-0.036404960039659526,small,1989,1865,0.9931719220713927,0.993276143163539,2.1637204476886607e-31,2.127378928749888e-33,False,conch,16,mild,False,1.0,False
mann_whitney_u,1850205.5,0.8954475958819156,-0.025207436178882464,small,1989,1865,0.9840570216189038,0.9842197549597855,4.540910306593584e-31,1.9342614278702108e-26,False,conch,16,moderate,False,1.0,False
mann_whitney_u,1962677.5,0.0017679884251175333,0.07111344914200134,small,1989,1865,0.9753764162895927,0.9746271195710455,2.505857479852032e-31,6.566976368578398e-23,False,conch,16,severe,False,0.2864141248690404,False
mann_whitney_u,1620362.0,1.1246940041107338e-11,-0.24561998993819287,medium,1989,1865,0.9591079406737053,0.963214289544236,7.101033628887553e-30,5.814761307511173e-33,False,conch,17,mild,False,1.8220042866593887e-09,True
zero_variance_identical,,1.0,0.0,none,1989,1865,1.0,1.0,,,False,conch,17,moderate,False,1.0,False
mann_whitney_u,590717.0,1.5604129636448693e-293,-1.1650212469799621,large,1989,1865,0.8400125570638513,0.9356674895442358,3.566978185356277e-33,6.021703897890317e-46,False,conch,17,severe,False,2.527869001104688e-291,True
mann_whitney_u,1756783.5,0.004544240134274851,-0.104118089894008,small,1989,1865,0.9827865419808949,0.9835495796246647,9.453032972675758e-37,8.605102946318505e-32,False,conch,18,mild,False,0.736166901752526,False
zero_variance_identical,,1.0,0.0,none,1989,1865,1.0,1.0,,,False,conch,18,moderate,False,1.0,False
mann_whitney_u,2135107.5,4.598609853533377e-16,0.20028283453662818,medium,1989,1865,0.98250610809452,0.9802398284182307,3.2256204341316163e-43,7.1435782644166295e-37,False,conch,18,severe,False,7.44974796272407e-14,True
mann_whitney_u,1294499.5,3.134110787481981e-59,-0.38334337871056673,medium,1989,1865,0.9708908647561588,0.9804003506702413,3.0649225159143375e-48,3.7204720286823837e-50,False,quilt_llava,1,mild,False,5.077259475720809e-57,True
mann_whitney_u,992025.0,7.588695683047706e-138,-0.5371280833915081,medium,1989,1865,0.9424013770739065,0.9617681388739947,1.2912777842636201e-46,1.95539764623353e-49,False,quilt_llava,1,moderate,False,1.2293687006537284e-135,True
mann_whitney_u,1032281.0,1.8299130106681955e-125,-0.458719935863062,medium,1989,1865,0.9314621211664152,0.9496794611260054,2.420934709816589e-46,3.660137698807988e-51,False,quilt_llava,1,severe,False,2.9644590772824768e-123,True
mann_whitney_u,1632396.5,1.187249215914509e-10,-0.2237922560484044,medium,1989,1865,0.9976505434891906,0.9985297168900804,1.8792597777531153e-62,2.6112044718758264e-61,False,quilt_llava,2,mild,False,1.923343729781505e-08,True
mann_whitney_u,1429640.5,7.574964083683682e-35,-0.28293279517874614,medium,1989,1865,0.9819934253393664,0.9874904139410187,5.657542905900365e-50,3.1756829110029817e-54,False,quilt_llava,2,moderate,False,1.2271441815567565e-32,True
mann_whitney_u,1313687.0,2.2996597194848324e-55,-0.4211937546743442,medium,1989,1865,0.9473000884866767,0.9661067495978553,5.988608735084585e-51,2.632074829127049e-47,False,quilt_llava,2,severe,False,3.7254487455654287e-53,True
mann_whitney_u,1738590.0,0.0007662265681180929,-0.10502605572944664,small,1989,1865,0.9890796219205631,0.9900027608579088,1.9042028218037506e-62,1.3795628265004228e-48,False,quilt_llava,3,mild,False,0.12412870403513104,False
mann_whitney_u,1043400.0,3.788235777943404e-122,-0.1354620767070744,small,1989,1865,0.9990508059326295,0.9992192455764075,4.816730187215305e-51,1.1780717773909677e-64,False,quilt_llava,3,moderate,False,6.136941960268315e-120,True
mann_whitney_u,1457913.5,1.3911745462162641e-30,-0.11491204502161383,small,1989,1865,0.9925794374057314,0.9931291560321716,3.277157597929643e-48,5.846324584367223e-52,False,quilt_llava,3,severe,False,2.253702764870348e-28,True
mann_whitney_u,1306222.0,7.475285281865377e-57,-0.2596982943958095,medium,1989,1865,0.9939290628456511,0.995177635924933,4.964784087239991e-58,5.5306481793949415e-58,False,quilt_llava,4,mild,False,1.2109962156621911e-54,True
mann_whitney_u,1493949.0,1.4418538832470866e-25,-0.3396182510126096,medium,1989,1865,0.9691773971845148,0.9754058788203754,2.4406598621302248e-54,9.824146492584376e-39,False,quilt_llava,4,moderate,False,2.3358032908602802e-23,True
mann_whitney_u,1736370.5,0.0006057867792239494,-0.2508492484588041,medium,1989,1865,0.9290893247863249,0.9376460418230562,2.229595450730324e-47,2.1089835112332872e-19,False,quilt_llava,4,severe,False,0.09813745823427981,False
mann_whitney_u,2217058.0,9.04853324726914e-26,0.11941980468452391,small,1989,1865,0.9856778672699849,0.9835354085790885,5.283019078096579e-57,1.3148059422266975e-45,False,quilt_llava,5,mild,False,1.4658623860576006e-23,True
mann_whitney_u,1907164.5,0.1288740678218331,-0.00817286518520642,small,1989,1865,0.9651807466063348,0.9654598815013405,1.4642584476182776e-51,1.632568108799626e-42,False,quilt_llava,5,moderate,False,1.0,False
mann_whitney_u,1877134.5,0.5165700472812047,-0.06788629213513765,small,1989,1865,0.9424561774761187,0.9458713581769437,7.765784727134644e-47,9.07237758746597e-38,False,quilt_llava,5,severe,False,1.0,False
mann_whitney_u,949146.0,1.1029595328573181e-151,-0.24369775157577567,medium,1989,1865,0.9158758989441931,0.9292800487935657,7.868106764798049e-57,6.601623975989332e-55,False,quilt_llava,6,mild,False,1.7867944432288554e-149,True
mann_whitney_u,1250488.0,1.3318820248867068e-68,-0.11288806859219544,small,1989,1865,0.8540819989944696,0.8633218150134049,6.607215599251238e-50,2.26046258568013e-50,False,quilt_llava,6,moderate,False,2.157648880316465e-66,True
mann_whitney_u,1589297.5,1.4776729293891907e-14,-0.09507601289731094,small,1989,1865,0.8021516043237807,0.8106602772117962,5.400918217201749e-41,1.3092370830763514e-43,False,quilt_llava,6,severe,False,2.3938301456104887e-12,True
mann_whitney_u,975583.0,4.499954233754692e-143,-0.47092743399656894,medium,1989,1865,0.9121184167923579,0.9287320096514746,1.4155719008126487e-49,1.501529027073526e-49,False,quilt_llava,7,mild,False,7.289925858682601e-141,True
mann_whitney_u,1461018.0,3.926122688025684e-30,-0.32799295193123795,medium,1989,1865,0.825989284062343,0.8473784600536193,1.264387794496294e-40,1.2762650872169915e-36,False,quilt_llava,7,moderate,False,6.360318754601609e-28,True
mann_whitney_u,1511172.0,2.4566169610886212e-23,-0.3506797986010805,medium,1989,1865,0.7344051578682755,0.7629729319034853,4.085609081196034e-20,2.7709844223392494e-15,False,quilt_llava,7,severe,False,3.979719476963566e-21,True
mann_whitney_u,1414165.0,2.647703504773429e-37,-0.18360316435131535,small,1989,1865,0.9524203288084464,0.9570565603217158,1.6220044503164897e-45,4.617995847217073e-43,False,quilt_llava,8,mild,False,4.289279677732955e-35,True
mann_whitney_u,1301980.0,1.0448328353222757e-57,-0.4112839609354623,medium,1989,1865,0.9002713227752639,0.917589073994638,1.5532764331184028e-42,6.0185524030287015e-43,False,quilt_llava,8,moderate,False,1.6926291932220865e-55,True
mann_whitney_u,1351928.0,4.647468418473403e-48,-0.4822136370634193,medium,1989,1865,0.8206420105580694,0.8506250702412868,2.308439824039547e-28,3.767438294034749e-32,False,quilt_llava,8,severe,False,7.528898837926913e-46,True
mann_whitney_u,1053623.5,3.8724066269938484e-119,-0.7175073723118135,medium,1989,1865,0.8514679336349924,0.8883273656836461,3.2140504736085054e-30,1.6725398535721024e-29,False,quilt_llava,9,mild,False,6.273298735730035e-117,True
mann_whitney_u,966251.5,4.394816897450024e-146,-0.8543989197745054,large,1989,1865,0.7999594172951232,0.8472072729222521,5.8841508000421426e-27,1.0021526885660655e-21,False,quilt_llava,9,moderate,False,7.119603373869039e-144,True
mann_whitney_u,982377.0,6.682931805755962e-141,-0.8562113690816052,large,1989,1865,0.7745363328305681,0.8236322134048258,1.1136531973616434e-22,1.222938656629619e-20,False,quilt_llava,9,severe,False,1.082634952532466e-138,True
mann_whitney_u,1948422.0,0.006653383577309483,0.10800303990613451,small,1989,1865,0.9235183911513323,0.9209922777479894,6.17626837590868e-35,1.7245045915044168e-41,False,quilt_llava,10,mild,False,1.0,False
mann_whitney_u,1395453.5,2.1717601438291508e-40,-0.33069316635810453,medium,1989,1865,0.8729776681749623,0.8837733404825737,2.526653876137782e-37,8.77389064657879e-37,False,quilt_llava,10,moderate,False,3.5182514330032243e-38,True
mann_whitney_u,1837069.5,0.6086925487148938,-0.06829072681819104,small,1989,1865,0.8431275268979387,0.846591601608579,5.041492781204509e-44,2.486316631566632e-39,False,quilt_llava,10,severe,False,1.0,False
mann_whitney_u,1616953.5,5.646038708017033e-12,-0.025416905718066176,small,1989,1865,0.9779348149824032,0.9783011201072387,1.193298345703769e-46,4.5723768768252464e-54,False,quilt_llava,11,mild,False,9.146582706987594e-10,True
mann_whitney_u,1641409.0,6.415247678611088e-10,0.05174323921253252,small,1989,1865,0.9845042398190046,0.9838854938337801,1.8544085046605756e-50,9.00110071549097e-59,False,quilt_llava,11,moderate,False,1.0392701239349962e-07,True
mann_whitney_u,1617301.0,6.059641174358004e-12,-0.02806642248553659,small,1989,1865,0.9776669944695826,0.9780737099195711,1.0136321360058155e-47,2.7366026105989175e-53,False,quilt_llava,11,severe,False,9.816618702459966e-10,True
mann_whitney_u,1252518.5,3.735194212290769e-68,-0.3505074346688724,medium,1989,1865,0.9077553519356462,0.9160289522788203,2.490430159126294e-36,4.51361581845745e-42,False,quilt_llava,12,mild,False,6.051014623911045e-66,True
mann_whitney_u,1503192.0,2.342957719222218e-24,0.053016561256499006,small,1989,1865,0.9688706792357971,0.9672873930294906,4.075733182934708e-59,7.196170849442072e-59,False,quilt_llava,12,moderate,False,3.795591505139993e-22,True
mann_whitney_u,1738103.5,0.000728007566623165,0.018411164465148174,small,1989,1865,0.942296766214178,0.9413954300268097,1.8403246977015412e-57,4.7378001209005885e-54,False,quilt_llava,12,severe,False,0.11793722579295272,False
mann_whitney_u,1349071.0,1.3796016512910657e-48,-0.07293818390435329,small,1989,1865,0.9891562905982906,0.9898051689008042,8.640128793855295e-57,7.388786758223955e-60,False,quilt_llava,13,mild,False,2.2349546750915263e-46,True
mann_whitney_u,1344647.0,2.0756372512887545e-49,-0.009869224070349096,small,1989,1865,0.9857641141277024,0.9858872353887399,2.713196174059297e-54,7.340571777398321e-60,False,quilt_llava,13,moderate,False,3.362532347087782e-47,True
mann_whitney_u,1422744.0,6.24274812634562e-36,-0.041411509334413565,small,1989,1865,0.9820873353443941,0.9827007646112601,1.8115693495536424e-53,7.1207233293831835e-59,False,quilt_llava,13,severe,False,1.0113251964679905e-33,True
mann_whitney_u,1492544.0,9.379138515037614e-26,-0.0005487244464434329,small,1989,1865,0.9153256923076922,0.9153551217158178,7.344956845195748e-55,1.6840543931484467e-52,False,quilt_llava,14,mild,False,1.5194204394360934e-23,True
mann_whitney_u,1743267.5,0.001241299058923543,-0.0893427294846701,small,1989,1865,0.798835732528909,0.8063667715817695,2.760959193916216e-41,9.47850942278464e-41,False,quilt_llava,14,moderate,False,0.20109044754561398,False
mann_whitney_u,1479363.0,1.5323243054297388e-27,-0.3980116972122247,medium,1989,1865,0.6218489829059828,0.6523808863270777,0.017478431857887864,1.133612449520849e-15,False,quilt_llava,14,severe,False,2.482365374796177e-25,True
mann_whitney_u,1591013.5,2.1765754208198375e-14,-0.14971738751030617,small,1989,1865,0.898451452991453,0.9051243356568365,3.571943386192773e-48,1.1083872485919734e-49,False,quilt_llava,15,mild,False,3.526052181728137e-12,True
mann_whitney_u,2067351.5,7.325790289440662e-10,0.0965416078185557,small,1989,1865,0.8186923192559075,0.8128715914209115,4.445237564128748e-43,1.0686551279150921e-36,False,quilt_llava,15,moderate,False,1.1867780268893873e-07,True
mann_whitney_u,1803052.0,0.13429788213093963,-0.0782954501687168,small,1989,1865,0.6538586455505279,0.6598333951742628,1.8283073568274242e-05,1.0496027043601658e-05,False,quilt_llava,15,severe,False,1.0,False
mann_whitney_u,1308663.5,2.304250578212221e-56,0.04115259163982311,small,1989,1865,0.9915160005027652,0.9911366343163538,1.3889809955114706e-64,1.8757220025681258e-60,False,quilt_llava,16,mild,False,3.732885936703798e-54,True
mann_whitney_u,1340290.5,3.16345086436446e-50,0.016935920318714874,small,1989,1865,0.9828759170437407,0.9826206026809652,4.046110301119256e-61,9.60598201455914e-58,False,quilt_llava,16,moderate,False,5.124790400270425e-48,True
mann_whitney_u,1535834.5,2.507283265823767e-20,0.06829564202329007,small,1989,1865,0.9768277843137255,0.9755374761394102,1.6622001113757523e-57,3.0966465545736196e-56,False,quilt_llava,16,severe,False,4.061798890634503e-18,True
mann_whitney_u,1870120.5,0.6559883586566746,0.12458393956876522,small,1989,1865,0.972610284565108,0.9710787517426274,2.2018226197942178e-48,8.648709128935058e-51,False,quilt_llava,17,mild,False,1.0,False
zero_variance_identical,,1.0,0.0,none,1989,1865,1.0,1.0,,,False,quilt_llava,17,moderate,False,1.0,False
mann_whitney_u,936607.5,7.409592946261436e-156,-0.6896134403294135,medium,1989,1865,0.8954937938662645,0.944138237533512,3.3426276754467916e-47,1.523343196037429e-47,False,quilt_llava,17,severe,False,1.2003540572943528e-153,True
mann_whitney_u,2708894.0,3.667269663540488e-135,0.4456937389005194,medium,1989,1865,0.9898139622926093,0.9865267678284182,1.8224071734588657e-56,4.832353600743055e-58,False,quilt_llava,18,mild,False,5.9409768549355905e-133,True
zero_variance_identical,,1.0,0.0,none,1989,1865,1.0,1.0,,,False,quilt_llava,18,moderate,False,1.0,False
mann_whitney_u,2792030.5,2.428237236648713e-162,0.7260868902066933,medium,1989,1865,0.9895325766716944,0.9826569769436997,8.480495852852852e-52,9.255235876701294e-37,False,quilt_llava,18,severe,False,3.933744323370916e-160,True
mann_whitney_u,1385908.5,5.172446375348473e-42,-0.24732444261607245,medium,1989,1865,0.9523354253393665,0.9642245817694369,2.7098547415341523e-41,2.9720314845209775e-51,False,uni,1,mild,False,8.379363128064526e-40,True
mann_whitney_u,1620678.5,1.1984357330893303e-11,-0.05298133072990477,small,1989,1865,0.8750650351935646,0.8795181024128687,4.8568864052642626e-29,7.608132843992476e-37,False,uni,1,moderate,False,1.941465887604715e-09,True
mann_whitney_u,2330914.0,2.776576793531592e-43,0.5192776577066491,medium,1989,1865,0.8432377094017094,0.7938968359249331,2.726449909784814e-28,1.0728068980703583e-25,False,uni,1,severe,False,4.498054405521179e-41,True
mann_whitney_u,1936316.0,0.018126493426659552,-0.10533877447619891,small,1989,1865,0.9965324620412268,0.9972889195710455,1.9831099582652904e-63,6.782816329912473e-61,False,uni,2,mild,False,1.0,False
mann_whitney_u,1342176.5,7.156417546846067e-50,-0.19854409865870934,small,1989,1865,0.9751788949220714,0.9821738530831099,2.5071352191085645e-55,3.54750402180901e-59,False,uni,2,moderate,False,1.159339642589063e-47,True
mann_whitney_u,992111.0,8.076974668820219e-138,-0.5495074055129091,medium,1989,1865,0.9030696249371544,0.9494426412868632,6.5370156150759626e-43,3.5292737200382913e-54,False,uni,2,severe,False,1.3084698963488756e-135,True
mann_whitney_u,1691000.0,2.1025180415700226e-06,-0.0591144788498518,small,1989,1865,0.9546461020613374,0.9562484477211797,7.911960712857919e-39,7.566900370356487e-44,False,uni,3,mild,False,0.00034060792273434367,True
mann_whitney_u,2201782.5,8.898644250769454e-24,0.08282875238457738,small,1989,1865,0.9996106269482151,0.9994801056300268,7.227683236486391e-64,6.360684893480261e-69,False,uni,3,moderate,False,1.4415803686246515e-21,True
mann_whitney_u,2251114.0,1.621823040351233e-30,0.3280687617050155,medium,1989,1865,0.9735914394167924,0.9662856595174263,2.8145807994592595e-48,4.996627512475753e-41,False,uni,3,severe,False,2.627353325368997e-28,True
mann_whitney_u,1314683.5,3.620448241690178e-55,-0.21721248449422645,medium,1989,1865,0.9936034610356963,0.9947937689008043,1.3453429409912188e-53,5.393490947857398e-62,False,uni,4,mild,False,5.865126151538088e-53,True
mann_whitney_u,833518.0,2.470461934804119e-192,-0.8649741166281032,large,1989,1865,0.9568145374560081,0.9737601190348525,3.865582297660268e-36,2.4886147553202913e-48,False,uni,4,moderate,False,4.0021483343826726e-190,True
mann_whitney_u,1085788.5,6.428364042351602e-110,-0.6189289277571836,medium,1989,1865,0.8367858798391151,0.8717046922252011,1.3343490433783516e-25,1.4717174766371524e-40,False,uni,4,severe,False,1.0413949748609594e-107,True
mann_whitney_u,2894634.0,2.3660323502119367e-199,1.0894411611709507,large,1989,1865,0.9715512523881348,0.8821481662198392,9.832626693783166e-57,1.4278919290551117e-32,False,uni,5,mild,False,3.832972407343337e-197,True
mann_whitney_u,2548231.5,9.187824175789728e-90,0.7598604269044432,medium,1989,1865,0.9192760180995475,0.8218649474530831,2.162831379907791e-48,1.3744285366454987e-31,False,uni,5,moderate,False,1.488427516477936e-87,True
mann_whitney_u,2245918.5,9.146207480217315e-30,0.4075206150255453,medium,1989,1865,0.823671783308195,0.7473008209115282,5.994586493518837e-42,6.718612995214688e-29,False,uni,5,severe,False,1.481685611795205e-27,True
mann_whitney_u,2586987.5,7.429733950654391e-100,0.6334857048233723,medium,1989,1865,0.9817776098541982,0.9726522482573726,4.823429963685032e-41,9.38477315831721e-39,False,uni,6,mild,False,1.2036169000060115e-97,True
mann_whitney_u,2687897.0,1.073740386415338e-128,0.7786523695134442,medium,1989,1865,0.9012941809954751,0.8535094278820375,1.2688339491701583e-32,4.081952410271395e-18,False,uni,6,moderate,False,1.7394594259928477e-126,True
mann_whitney_u,1845789.5,0.7953745566903736,-0.037769311066493734,small,1989,1865,0.7360879436902966,0.739487836997319,9.437256228778715e-08,0.0005988888605568785,False,uni,6,severe,False,1.0,False
mann_whitney_u,2612879.5,6.671845547193161e-107,0.738371423001907,medium,1989,1865,0.870544395173454,0.8267566965147455,2.0202585985107675e-24,1.2640853409687947e-10,False,uni,7,mild,False,1.0808389786452921e-104,True
mann_whitney_u,2615948.0,9.396546624228939e-108,0.7487708396299898,medium,1989,1865,0.6829607249874309,0.6058956493297587,7.127499408766352e-06,0.0008604909738832195,False,uni,7,moderate,False,1.522240553125088e-105,True
mann_whitney_u,2734160.0,3.7188317256405946e-143,0.8555108354652243,large,1989,1865,0.5598565424836601,0.46414489758713134,0.007843878641848087,1.136926961227556e-15,False,uni,7,severe,False,6.024507395537763e-141,True
mann_whitney_u,1561609.5,2.0394639132266932e-17,-0.1704118676033364,small,1989,1865,0.8925143810960281,0.9096339892761395,4.390388163897647e-42,1.69727967591163e-48,False,uni,8,mild,False,3.303931539427243e-15,True
mann_whitney_u,2144651.5,4.5364643698860645e-17,0.27716083836182304,medium,1989,1865,0.6327392589240826,0.594319456836461,2.0375409704041053e-13,2.689485638611675e-06,False,uni,8,moderate,False,7.349072279215424e-15,True
mann_whitney_u,2681740.5,7.880179184303319e-127,0.806746725814626,large,1989,1865,0.3529007355455002,0.2722198568364611,2.214991765159624e-14,6.339932612397269e-19,False,uni,8,severe,False,1.2765890278571376e-124,True
mann_whitney_u,2066188.0,9.057964823221892e-10,0.25711148587631366,medium,1989,1865,0.6398911337355455,0.5971545281501339,1.2223660843807374e-15,7.124476853908667e-21,False,uni,9,mild,False,1.4673903013619464e-07,True
mann_whitney_u,2433496.5,4.366846123467201e-63,0.598055468457375,medium,1989,1865,0.41442776370035195,0.3359149946380696,1.499772889030504e-16,2.1894811165567006e-07,False,uni,9,moderate,False,7.074290720016865e-61,True
mann_whitney_u,2607266.5,2.3581406678693197e-105,0.7456383635346213,medium,1989,1865,0.2992061191553545,0.22583144557640752,1.2697650050304735e-17,1.00100652704606e-14,False,uni,9,severe,False,3.820187881948298e-103,True
mann_whitney_u,3255111.5,0.0,1.5736237726715214,large,1989,1865,0.8746104967320262,0.7544903190348525,3.0746138834778394e-35,1.4862247800583943e-15,False,uni,10,mild,False,0.0,True
mann_whitney_u,3121015.5,1.4328783137227837e-294,1.3842169132260878,large,1989,1865,0.7465641307189542,0.6124386943699731,9.318048436091868e-25,1.5944857045973854e-06,False,uni,10,moderate,False,2.32126286823091e-292,True
mann_whitney_u,2841706.0,8.806451038817263e-180,1.0183591683497069,large,1989,1865,0.5632515550527903,0.43922717855227883,1.7466968137765286e-13,7.903221399510907e-08,False,uni,10,severe,False,1.4266450682883966e-177,True
mann_whitney_u,3059622.0,6.651697601619849e-267,1.1501073819145715,large,1989,1865,0.9316750155857215,0.8692657313672922,1.093483124838076e-44,2.869724146086655e-25,False,uni,11,mild,False,1.0775750114624154e-264,True
mann_whitney_u,2516389.5,7.020688658944067e-82,0.46002253240702806,medium,1989,1865,0.9239356279537457,0.9000647522788203,6.86973502671152e-41,9.919793228787154e-31,False,uni,11,moderate,False,1.1373515627489389e-79,True
mann_whitney_u,3007468.0,1.7688454063526774e-244,1.0161934287799024,large,1989,1865,0.9357358853695324,0.8868291088471849,1.9489196536307023e-43,2.851196565807079e-34,False,uni,11,severe,False,2.8655295582913375e-242,True
mann_whitney_u,1792492.0,0.07134567767824987,-0.05305069555935843,small,1989,1865,0.7406434982403217,0.745169890616622,1.703211479509422e-20,1.5847946366782778e-30,False,uni,12,mild,False,1.0,False
mann_whitney_u,2830226.5,1.134795873590046e-175,0.751820325053587,medium,1989,1865,0.928638693815988,0.8879542037533512,2.2336812902914198e-48,5.46969920751223e-49,False,uni,12,moderate,False,1.8383693152158745e-173,True
mann_whitney_u,2580621.5,3.6829635653364926e-98,0.655245864965408,medium,1989,1865,0.8304535751633986,0.7716058697050939,2.422232176064343e-28,2.2483924649017695e-40,False,uni,12,severe,False,5.966400975845118e-96,True
mann_whitney_u,2396247.0,1.8738425722506436e-55,0.5507807070873809,medium,1989,1865,0.9881529602815485,0.9826296053619302,9.779560833906046e-37,8.449926663426216e-38,False,uni,13,mild,False,3.0356249670460425e-53,True
mann_whitney_u,2580944.0,3.024616222968044e-98,0.7296550835027735,medium,1989,1865,0.9831865193564605,0.9742811227882038,4.726895587804083e-31,6.625798048597412e-35,False,uni,13,moderate,False,4.899878281208231e-96,True
mann_whitney_u,2636599.0,1.4282009147298077e-113,0.7554197055662739,medium,1989,1865,0.9791759472096532,0.9682506471849865,1.349338520927961e-32,3.2219003976856094e-38,False,uni,13,severe,False,2.3136854818622884e-111,True
mann_whitney_u,2987682.0,3.1330584341379574e-236,1.13366424606356,large,1989,1865,0.9434670467571645,0.8963404680965148,2.1161688945778006e-33,2.417820072999813e-22,False,uni,14,mild,False,5.075554663303491e-234,True
mann_whitney_u,3209417.5,0.0,1.5697053695339243,large,1989,1865,0.7298595696329815,0.564485183378016,5.668600869204995e-12,4.928514629554805e-11,False,uni,14,moderate,False,0.0,True
mann_whitney_u,3281351.0,0.0,1.6103267003255624,large,1989,1865,0.4128970784313726,0.24189890134048256,3.5943604371751837e-07,2.973088949714626e-35,False,uni,14,severe,False,0.0,True
mann_whitney_u,2910065.0,2.9937907776996405e-205,1.027266018493627,large,1989,1865,0.9357140236299648,0.8835028873994637,7.337924526742534e-37,5.952946164496649e-20,False,uni,15,mild,False,4.8499410598734174e-203,True
mann_whitney_u,3351906.0,0.0,1.9253299330892577,large,1989,1865,0.7716921623931624,0.5563323126005362,2.7097583252831417e-16,7.886707117016954e-15,False,uni,15,moderate,False,0.0,True
mann_whitney_u,3277201.5,0.0,1.6171155734213594,large,1989,1865,0.48785184263448966,0.32081159678284177,0.8528477040603947,1.6831364682518976e-28,False,uni,15,severe,False,0.0,True
mann_whitney_u,1906240.5,0.13575413005536888,0.18840262921786824,small,1989,1865,0.98973665057818,0.988142179088472,1.5278409891190456e-28,3.831052234206826e-39,False,uni,16,mild,False,1.0,False
mann_whitney_u,1659375.0,1.5187494351856323e-08,-0.04373664520475034,small,1989,1865,0.9806409195575666,0.9813250037533512,2.1940054302431824e-32,2.3162655915838087e-43,False,uni,16,moderate,False,2.4603740850007243e-06,True
mann_whitney_u,1523562.0,8.49889895672331e-22,-0.16620834907676094,small,1989,1865,0.9735292513826043,0.9767232450402143,1.6760786959621776e-34,6.593910960952036e-45,False,uni,16,severe,False,1.3768216309891762e-19,True
mann_whitney_u,1535364.0,2.207259958014569e-20,-0.22804355649420158,medium,1989,1865,0.9860469607843138,0.9895994697050938,1.2869188831636797e-64,2.6536800042875485e-53,False,uni,17,mild,False,3.575761131983602e-18,True
zero_variance_identical,,1.0,0.0,none,1989,1865,1.0,1.0,,,False,uni,17,moderate,False,1.0,False
mann_whitney_u,664216.0,1.2390869922782552e-260,-1.1332145321104998,large,1989,1865,0.7429092584213172,0.9044199999999999,1.47576157458909e-24,1.0984146360458167e-48,False,uni,17,severe,False,2.0073209274907735e-258,True
mann_whitney_u,1176348.0,5.5734217431871374e-86,-0.46862536204745125,medium,1989,1865,0.9845528200100554,0.9886528305630027,2.7884703608641403e-39,5.55972052743359e-54,False,uni,18,mild,False,9.028943223963163e-84,True
zero_variance_identical,,1.0,0.0,none,1989,1865,1.0,1.0,,,False,uni,18,moderate,False,1.0,False
mann_whitney_u,2250734.5,1.8416496798056095e-30,0.2686827469390075,medium,1989,1865,0.9850391181498239,0.9815516439678285,2.178251949992357e-46,6.925123718426897e-48,False,uni,18,severe,False,2.9834724812850875e-28,True
