test_used,statistic,p_value,cohens_d,effect_size,n_a,n_b,mean_a,mean_b,shapiro_p_a,shapiro_p_b,both_groups_normal,model_a,model_b,perturbation_id,severity,skipped,p_value_bonferroni,significant_bonferroni
mann_whitney_u,7003025.0,1.445735824907692e-05,-0.2659526817293931,medium,3854,3854,0.9667798181110534,0.9754926268811625,2.019836536963987e-61,2.660838159201321e-62,False,conch,quilt_llava,1,mild,False,0.002342092036350461,True
mann_whitney_u,4892258.5,2.0667174923109933e-148,-0.6299903436262023,medium,3854,3854,0.9182297932018681,0.9517732013492476,7.179247396988599e-52,7.307085238862838e-59,False,conch,quilt_llava,1,moderate,False,3.348082337543809e-146,True
mann_whitney_u,3498080.0,0.0,-0.8598453699858062,large,3854,3854,0.8915358661131293,0.9402777254800206,7.995229307042797e-49,4.9372777905227115e-60,False,conch,quilt_llava,1,severe,False,0.0,True
mann_whitney_u,9653997.5,4.414842281220603e-115,0.17283896728893963,small,3854,3854,0.9986992976128697,0.9980759867669954,3.9197021609500807e-81,2.765478654570235e-78,False,conch,quilt_llava,2,mild,False,7.152044495577377e-113,True
mann_whitney_u,7978450.0,1.6158754010446236e-08,0.04460630545449073,small,3854,3854,0.9855381255838092,0.9846534885832902,2.3893846655699815e-67,8.477687018332566e-66,False,conch,quilt_llava,2,moderate,False,2.6177181496922902e-06,True
mann_whitney_u,7755212.0,0.0007697259054906995,-0.05396349623461954,small,3854,3854,0.9538571930461858,0.9564008728593669,1.0547672284701862e-58,1.3017296684482907e-64,False,conch,quilt_llava,2,severe,False,0.12469559668949333,False
mann_whitney_u,3549507.5,0.0,-0.6323168257865126,medium,3854,3854,0.98375980539699,0.9895263406850027,1.7823094977547362e-55,1.6202382763795775e-74,False,conch,quilt_llava,3,mild,False,0.0,True
mann_whitney_u,13083951.0,0.0,0.6165470178564525,medium,3854,3854,0.999732672548002,0.999132316035288,4.9151910797877553e-82,1.4901468818682272e-78,False,conch,quilt_llava,3,moderate,False,0.0,True
mann_whitney_u,3152326.0,0.0,-0.8340621744908387,large,3854,3854,0.9870200031136481,0.9928454532952776,3.535423683671901e-58,4.5783632424387314e-64,False,conch,quilt_llava,3,severe,False,0.0,True
mann_whitney_u,4911560.5,3.4403233849090523e-146,-0.457831777890683,medium,3854,3854,0.9919110119356512,0.99453326336274,6.273406280183106e-62,1.7272375420501685e-72,False,conch,quilt_llava,4,mild,False,5.573323883552665e-144,True
mann_whitney_u,2770938.5,0.0,-1.0475937460312401,large,3854,3854,0.9427100537104308,0.972191439283861,9.222300408368923e-46,1.6650605507651477e-65,False,conch,quilt_llava,4,moderate,False,0.0,True
mann_whitney_u,913656.0,0.0,-1.9367639356058728,large,3854,3854,0.8214897254800209,0.9332300298391283,2.410238934883843e-29,1.5383497885040857e-54,False,conch,quilt_llava,4,severe,False,0.0,True
mann_whitney_u,6155324.5,1.0073811407704396e-38,-0.6496946573451989,medium,3854,3854,0.958334750389206,0.9846411040477426,4.6419754840499517e-60,6.497231379037739e-67,False,conch,quilt_llava,5,mild,False,1.631957448048112e-36,True
mann_whitney_u,4013305.0,1.650199965369272e-267,-0.9954001046709238,large,3854,3854,0.872822152309289,0.9653158235599378,1.6729898674926977e-50,2.218831305365893e-61,False,conch,quilt_llava,5,moderate,False,2.673323943898221e-265,True
mann_whitney_u,3608549.5,0.0,-0.9954845575016398,large,3854,3854,0.8463569540736897,0.9441088271925272,2.632923083239688e-46,4.007925375143012e-56,False,conch,quilt_llava,5,severe,False,0.0,True
mann_whitney_u,10950105.0,6.672493863438487e-285,0.6911992013234316,medium,3854,3854,0.9511011769590036,0.9223623388687079,2.512376204501426e-38,3.905366295349768e-68,False,conch,quilt_llava,6,mild,False,1.0809440058770349e-282,True
mann_whitney_u,5541074.0,5.0642701627828855e-83,-0.15556027753224033,small,3854,3854,0.8474828183705242,0.8585532644006227,1.8857778904616591e-34,1.2133936016321976e-62,False,conch,quilt_llava,6,moderate,False,8.204117663708274e-81,True
mann_whitney_u,4196664.5,9.166117509144596e-240,-0.6259882589646337,medium,3854,3854,0.750706006486767,0.8062690601971978,6.973564109068352e-23,1.7349547453107915e-54,False,conch,quilt_llava,6,severe,False,1.4849110364814246e-237,True
mann_whitney_u,6358679.0,8.008600860977661e-28,-0.23615923970491426,medium,3854,3854,0.9108439452516865,0.9201579473274519,2.899548398966354e-37,8.248021957593018e-60,False,conch,quilt_llava,7,mild,False,1.297393339478381e-25,True
mann_whitney_u,4671929.5,5.746535081117702e-175,-0.6179505608649203,medium,3854,3854,0.7883882996886352,0.8363397804878049,2.233577255106642e-22,7.736949421298177e-51,False,conch,quilt_llava,7,moderate,False,9.309386831410678e-173,True
mann_whitney_u,5908828.5,1.9106432172125795e-54,-0.34752115795244276,medium,3854,3854,0.7154836886351842,0.748229469901401,3.732461508184082e-08,1.787251835249842e-26,False,conch,quilt_llava,7,severe,False,3.095242011884379e-52,True
mann_whitney_u,8788537.5,3.529946743051145e-44,-0.15682273725673965,small,3854,3854,0.9475729006227296,0.9546638606642448,3.764628913930876e-60,2.2723767678820297e-55,False,conch,quilt_llava,8,mild,False,5.718513723742855e-42,True
mann_whitney_u,1249175.0,0.0,-1.761828927829327,large,3854,3854,0.7665044159314998,0.9086516045666839,5.4061501256091e-29,1.524095763728831e-54,False,conch,quilt_llava,8,moderate,False,0.0,True
mann_whitney_u,209127.5,0.0,-2.995629054094182,large,3854,3854,0.5395012618059158,0.8351511974571872,5.517443791866865e-13,3.45755126052968e-41,False,conch,quilt_llava,8,severe,False,0.0,True
mann_whitney_u,497443.5,0.0,-2.366895363057534,large,3854,3854,0.6129496520498183,0.8693046852620654,4.35119402971004e-19,3.194010349583705e-37,False,conch,quilt_llava,9,mild,False,0.0,True
mann_whitney_u,102503.5,0.0,-3.412362725161664,large,3854,3854,0.4351264810586404,0.8228232602490918,0.0002635603785059275,6.529129562397607e-31,False,conch,quilt_llava,9,moderate,False,0.0,True
mann_whitney_u,25518.0,0.0,-4.115195752444049,large,3854,3854,0.365610842760768,0.798294458744162,9.346310065734898e-07,1.1193489752248797e-28,False,conch,quilt_llava,9,severe,False,0.0,True
mann_whitney_u,5809280.0,1.4165779922222605e-61,-0.5538740876261301,medium,3854,3854,0.9007717026466008,0.9222959724961078,1.3768996409592993e-39,1.403904078019479e-50,False,conch,quilt_llava,10,mild,False,2.294856347400062e-59,True
mann_whitney_u,3781226.5,8.105102081248064e-305,-0.9680386690740358,large,3854,3854,0.8237060832900882,0.8782018323819408,6.667479057942686e-32,1.7798874310684405e-47,False,conch,quilt_llava,10,moderate,False,1.3130265371621863e-302,True
mann_whitney_u,1373880.5,0.0,-1.7438388230279973,large,3854,3854,0.7040694514789829,0.8448038370524131,6.67699673164923e-24,1.602035332845959e-54,False,conch,quilt_llava,10,severe,False,0.0,True
mann_whitney_u,7480291.0,0.5829745739447315,0.021846645219133164,small,3854,3854,0.9784084509600416,0.9781120747275558,1.1512181362651392e-51,3.305326653500039e-66,False,conch,quilt_llava,11,mild,False,1.0,False
mann_whitney_u,10713067.5,3.877483085112133e-248,0.5467514813617724,medium,3854,3854,0.9894170941878567,0.9842048207057603,6.972946330521871e-52,7.666156695212381e-73,False,conch,quilt_llava,11,moderate,False,6.281522597881655e-246,True
mann_whitney_u,7632118.5,0.03543703405052528,0.04333176630478419,small,3854,3854,0.9784572332641411,0.9778638092890504,2.6864113452457205e-52,1.040482732825467e-65,False,conch,quilt_llava,11,severe,False,1.0,False
mann_whitney_u,1029177.5,0.0,-1.836687880868453,large,3854,3854,0.839183912558381,0.9117590531914894,2.3536883871766774e-34,2.3356902894417742e-49,False,conch,quilt_llava,12,mild,False,0.0,True
mann_whitney_u,2661068.0,0.0,-0.746887348655505,medium,3854,3854,0.9450373292682925,0.9681045067462376,1.8516526915791826e-54,1.0209930748639287e-74,False,conch,quilt_llava,12,moderate,False,0.0,True
mann_whitney_u,1455844.0,0.0,-1.3532691860097683,large,3854,3854,0.8669583738972496,0.9418605980799168,5.214499436035766e-42,2.3579425890172504e-70,False,conch,quilt_llava,12,severe,False,0.0,True
mann_whitney_u,8452333.0,8.637664575973776e-26,0.23780813584971955,medium,3854,3854,0.9911690308770108,0.9894702911261027,3.7972667090029554e-48,3.636801315605105e-74,False,conch,quilt_llava,13,mild,False,1.3993016613077516e-23,True
mann_whitney_u,7231043.5,0.04522736430754234,0.08929741251123403,small,3854,3854,0.9867205954852102,0.9858236940840684,2.619286174656413e-46,2.1100490013488113e-74,False,conch,quilt_llava,13,moderate,False,1.0,False
mann_whitney_u,7214556.5,0.029907453123199857,0.07032528068624287,small,3854,3854,0.9832492140633108,0.9823841816294758,2.8173983472096454e-51,1.0088718019443024e-72,False,conch,quilt_llava,13,severe,False,1.0,False
mann_whitney_u,6963334.0,2.1045030629765915e-06,0.09108697648821495,small,3854,3854,0.9193839906590555,0.9153399335755059,1.4200874804493694e-37,1.1314471235254532e-67,False,conch,quilt_llava,14,mild,False,0.0003409294962022078,True
mann_whitney_u,5606115.0,1.604149307221646e-77,-0.29328700913327754,medium,3854,3854,0.7781653391281785,0.8024800988583289,2.4077347907761456e-27,3.1188202778337193e-53,False,conch,quilt_llava,14,moderate,False,2.5987218776990666e-75,True
mann_whitney_u,6590045.0,1.0850449659540333e-17,-0.21394471826727773,medium,3854,3854,0.614684901141671,0.6366237623248574,0.020171515573114654,3.65227081959217e-10,False,conch,quilt_llava,14,severe,False,1.757772844845534e-15,True
mann_whitney_u,12989131.5,0.0,1.237283311406631,large,3854,3854,0.9466036624286455,0.9016805464452516,2.89258340689616e-41,4.325105947735253e-62,False,conch,quilt_llava,15,mild,False,0.0,True
mann_whitney_u,5478934.5,1.8612617285223656e-88,-0.4192968442381572,medium,3854,3854,0.7860886014530358,0.8158755944473274,1.1641655359133245e-27,4.2250004377894894e-52,False,conch,quilt_llava,15,moderate,False,3.015244000206232e-86,True
mann_whitney_u,4145473.5,2.345123735240576e-247,-0.833762148833453,large,3854,3854,0.5701044291645044,0.6567499034769072,0.058404048253419695,8.049565399836271e-06,False,conch,quilt_llava,15,severe,False,3.7991004510897335e-245,True
mann_whitney_u,8416368.5,3.991120709976579e-24,0.2768687635625614,medium,3854,3854,0.9932223559937727,0.9913324203425012,5.8694599156581605e-43,7.919412795674702e-78,False,conch,quilt_llava,16,mild,False,6.465615550162058e-22,True
mann_whitney_u,6901360.0,7.550224275242489e-08,0.11930873790236012,small,3854,3854,0.9841357703684483,0.9827523671510119,1.0431911328056721e-38,3.277161395692561e-74,False,conch,quilt_llava,16,moderate,False,1.2231363325892831e-05,True
mann_whitney_u,5767876.0,1.1309602336141986e-64,-0.07773111664740828,small,3854,3854,0.9750138220031136,0.9762033876491957,4.318530260892581e-37,5.260248233442663e-72,False,conch,quilt_llava,16,severe,False,1.8321555784550017e-62,True
mann_whitney_u,4072174.0,1.9579668892396009e-258,-0.7302920245681916,medium,3854,3854,0.9610950555267254,0.9718691562013493,2.8890860702893454e-42,4.825748731147678e-65,False,conch,quilt_llava,17,mild,False,3.171906360568153e-256,True
zero_variance_identical,,1.0,0.0,none,3854,3854,1.0,1.0,,,False,conch,quilt_llava,17,moderate,False,1.0,False
mann_whitney_u,5883409.0,3.186262555214708e-56,-0.38322254829786845,medium,3854,3854,0.8863012049818371,0.9190334636741049,5.913005430532165e-51,7.8338650281321e-62,False,conch,quilt_llava,17,severe,False,5.161745339447827e-54,True
mann_whitney_u,3565321.0,0.0,-0.680450189730097,medium,3854,3854,0.9831557856772185,0.9882232467566164,2.91266116225594e-45,2.3906356088033656e-71,False,conch,quilt_llava,18,mild,False,0.0,True
zero_variance_identical,,1.0,0.0,none,3854,3854,1.0,1.0,,,False,conch,quilt_llava,18,moderate,False,1.0,False
mann_whitney_u,5012156.5,6.908761196732015e-135,-0.44650457919518416,medium,3854,3854,0.981409426310327,0.9862053858329007,6.124046568337853e-52,7.498442475533148e-56,False,conch,quilt_llava,18,severe,False,1.1192193138705864e-132,True
mann_whitney_u,8097613.0,6.48009913654449e-12,0.19797825443249625,small,3854,3854,0.9667798181110534,0.9580887405293202,2.019836536963987e-61,1.3109273553760333e-59,False,conch,uni,1,mild,False,1.0497760601202074e-09,True
mann_whitney_u,9915030.5,3.8391889954629402e-143,0.5445281537846264,medium,3854,3854,0.9182297932018681,0.8772199314997404,7.179247396988599e-52,1.558298043401623e-44,False,conch,uni,1,moderate,False,6.219486172649964e-141,True
mann_whitney_u,11139442.5,0.0,0.8505466858702186,large,3854,3854,0.8915358661131293,0.8193610282823041,7.995229307042797e-49,2.3760254455204337e-41,False,conch,uni,1,severe,False,0.0,True
mann_whitney_u,9803363.0,9.273156650441578e-131,0.32320075557000416,medium,3854,3854,0.9986992976128697,0.9968985215360664,3.9197021609500807e-81,2.3111962329925994e-78,False,conch,uni,2,mild,False,1.5022513773715358e-128,True
mann_whitney_u,8432179.0,7.524148452986576e-25,0.2424574955003063,medium,3854,3854,0.9855381255838092,0.9785638448365335,2.3893846655699815e-67,8.572678065063312e-72,False,conch,uni,2,moderate,False,1.2189120493838253e-22,True
mann_whitney_u,8748365.5,1.0326442623350269e-41,0.40050154322745146,medium,3854,3854,0.9538571930461858,0.9255101219512195,1.0547672284701862e-58,6.621736102925154e-61,False,conch,uni,2,severe,False,1.6728837049827435e-39,True
mann_whitney_u,13564742.5,0.0,1.3960749753847934,large,3854,3854,0.98375980539699,0.9554214976647639,1.7823094977547362e-55,4.301932699825322e-54,False,conch,uni,3,mild,False,0.0,True
mann_whitney_u,9995689.0,1.933563303216343e-152,0.15568947158105884,small,3854,3854,0.999732672548002,0.9995474660093409,4.9151910797877553e-82,8.109884186443101e-86,False,conch,uni,3,moderate,False,3.132372551210476e-150,True
mann_whitney_u,12212378.0,0.0,0.992972188503834,large,3854,3854,0.9870200031136481,0.9700560788790867,3.535423683671901e-58,1.7370730622620612e-57,False,conch,uni,3,severe,False,0.0,True
mann_whitney_u,5315402.0,1.3472744325379705e-103,-0.37680353337270833,medium,3854,3854,0.9919110119356512,0.9941794662688116,6.273406280183106e-62,8.829211014628078e-74,False,conch,uni,4,mild,False,2.1825845807115122e-101,True
mann_whitney_u,4141096.0,5.192983376153402e-248,-0.766525891288727,medium,3854,3854,0.9427100537104308,0.9650147215879605,9.222300408368923e-46,2.003051321496758e-53,False,conch,uni,4,moderate,False,8.412633069368511e-246,True
mann_whitney_u,5336699.5,1.479215718731669e-101,-0.48092008492130883,medium,3854,3854,0.8214897254800209,0.8536835407368967,2.410238934883843e-29,2.6222689448464858e-42,False,conch,uni,4,severe,False,2.3963294643453037e-99,True
mann_whitney_u,8583907.0,2.2316889314497506e-32,0.39309089243352,medium,3854,3854,0.958334750389206,0.928287953035807,4.6419754840499517e-60,1.7672223689271475e-59,False,conch,uni,5,mild,False,3.615336068948596e-30,True
mann_whitney_u,7271939.5,0.11322230935217559,0.005182289985525618,small,3854,3854,0.872822152309289,0.8721375524130773,1.6729898674926977e-50,1.1009590887272607e-53,False,conch,uni,5,moderate,False,1.0,False
mann_whitney_u,8417884.0,3.405064209459401e-24,0.3652783916406479,medium,3854,3854,0.8463569540736897,0.7867148956927867,2.632923083239688e-46,5.566645740519057e-47,False,conch,uni,5,severe,False,5.51620401932423e-22,True
mann_whitney_u,1718064.5,0.0,-1.4959657067956365,large,3854,3854,0.9511011769590036,0.9773617304099637,2.512376204501426e-38,8.539181055361683e-53,False,conch,uni,6,mild,False,0.0,True
mann_whitney_u,5110511.0,2.791050479987816e-124,-0.4931214790414177,medium,3854,3854,0.8474828183705242,0.8781705264660093,1.8857778904616591e-34,8.554918506613901e-35,False,conch,uni,6,moderate,False,4.521501777580262e-122,True
mann_whitney_u,8180242.5,1.2139358438437107e-14,0.14579089553149224,small,3854,3854,0.750706006486767,0.7377331956408926,6.973564109068352e-23,3.2267097803999647e-09,False,conch,uni,6,severe,False,1.9665760670268114e-12,True
mann_whitney_u,11876332.5,0.0,1.1425445121711069,large,3854,3854,0.9108439452516865,0.8493549665282824,2.899548398966354e-37,1.9369441281087997e-28,False,conch,uni,7,mild,False,0.0,True
mann_whitney_u,12573824.0,0.0,1.436180237622766,large,3854,3854,0.7883882996886352,0.6456679470679813,2.233577255106642e-22,1.934161882550021e-09,False,conch,uni,7,moderate,False,0.0,True
mann_whitney_u,13272001.0,0.0,1.7807619602280944,large,3854,3854,0.7154836886351842,0.5135404507005709,3.732461508184082e-08,0.00014023342627626428,False,conch,uni,7,severe,False,0.0,True
mann_whitney_u,10183937.5,2.7479975871027956e-175,0.5670308315131167,medium,3854,3854,0.9475729006227296,0.9007987789309807,3.764628913930876e-60,3.1084115701252273e-58,False,conch,uni,8,mild,False,4.451756091106529e-173,True
mann_whitney_u,11972313.0,0.0,1.2287125604645024,large,3854,3854,0.7665044159314998,0.6141474242345616,5.4061501256091e-29,7.037720454743906e-14,False,conch,uni,8,moderate,False,0.0,True
mann_whitney_u,13483516.5,0.0,1.9414406119501773,large,3854,3854,0.5395012618059158,0.31385822418266734,5.517443791866865e-13,3.1387728901358824e-22,False,conch,uni,8,severe,False,0.0,True
mann_whitney_u,7110027.5,0.0011894626515625104,-0.040178340740564186,small,3854,3854,0.6129496520498183,0.6192103425012975,4.35119402971004e-19,1.4871019116721731e-24,False,conch,uni,9,mild,False,0.19269294955312669,False
mann_whitney_u,9153629.0,6.05544177400157e-70,0.41006388364369767,medium,3854,3854,0.4351264810586404,0.37643442838609237,0.0002635603785059275,2.6305476802569135e-10,False,conch,uni,9,moderate,False,9.809815673882543e-68,True
mann_whitney_u,10767099.0,2.711209800851175e-256,0.8427520607156894,large,3854,3854,0.365610842760768,0.26369917410482613,9.346310065734898e-07,1.4955124927908624e-19,False,conch,uni,9,severe,False,4.3921598773789035e-254,True
mann_whitney_u,11426343.5,0.0,1.092654362982688,large,3854,3854,0.9007717026466008,0.816482803061754,1.3768996409592993e-39,2.845099891950575e-30,False,conch,uni,10,mild,False,0.0,True
mann_whitney_u,12497251.5,0.0,1.4526367357338739,large,3854,3854,0.8237060832900882,0.6816591128697458,6.667479057942686e-32,1.0187492265527651e-16,False,conch,uni,10,moderate,False,0.0,True
mann_whitney_u,12953001.5,0.0,1.6643483910629924,large,3854,3854,0.7040694514789829,0.5032345695381422,6.67699673164923e-24,1.1096789934380762e-15,False,conch,uni,10,severe,False,0.0,True
mann_whitney_u,14238506.0,0.0,1.703938132131406,large,3854,3854,0.9784084509600416,0.901474362999481,1.1512181362651392e-51,3.2765849598917527e-44,False,conch,uni,11,mild,False,0.0,True
mann_whitney_u,14748179.5,0.0,2.032467558902347,large,3854,3854,0.9894170941878567,0.9123842052413077,6.972946330521871e-52,8.113292310267254e-45,False,conch,uni,11,moderate,False,0.0,True
mann_whitney_u,14158775.0,0.0,1.6921968030273178,large,3854,3854,0.9784572332641411,0.9120692693305658,2.6864113452457205e-52,8.060964762616961e-47,False,conch,uni,11,severe,False,0.0,True
mann_whitney_u,12673394.5,0.0,1.3742099931007519,large,3854,3854,0.839183912558381,0.7428338775298392,2.3536883871766774e-34,1.2637260473029838e-34,False,conch,uni,12,mild,False,0.0,True
mann_whitney_u,11335564.0,0.0,0.7731903010228843,medium,3854,3854,0.9450373292682925,0.9089509475869226,1.8516526915791826e-54,1.9342320076903895e-62,False,conch,uni,12,moderate,False,0.0,True
mann_whitney_u,10936181.5,1.1335680750257015e-282,0.8167652342637978,large,3854,3854,0.8669583738972496,0.8019764161909705,5.214499436035766e-42,3.4073374155739975e-46,False,conch,uni,12,severe,False,1.8363802815416365e-280,True
mann_whitney_u,10142313.5,4.263428416265032e-170,0.7029598127230696,medium,3854,3854,0.9911690308770108,0.9854801380384017,3.7972667090029554e-48,2.8658048303252705e-52,False,conch,uni,13,mild,False,6.906754034349352e-168,True
mann_whitney_u,10575305.0,6.044582778755263e-228,0.7566709470882597,medium,3854,3854,0.9867205954852102,0.9788770838090296,2.619286174656413e-46,4.1716720606529305e-50,False,conch,uni,13,moderate,False,9.792224101583527e-226,True
mann_whitney_u,10707836.0,2.350358729097921e-247,0.7376057736293055,medium,3854,3854,0.9832492140633108,0.9738890544888428,2.8173983472096454e-51,1.4863251423368038e-52,False,conch,uni,13,severe,False,3.807581141138632e-245,True
mann_whitney_u,6776077.0,2.736361251012917e-11,-0.031228469300685582,small,3854,3854,0.9193839906590555,0.9206618912817852,1.4200874804493694e-37,2.1389326290476993e-39,False,conch,uni,14,mild,False,4.432905226640925e-09,True
mann_whitney_u,11673292.5,0.0,1.1581510165233546,large,3854,3854,0.7781653391281785,0.649832784379865,2.4077347907761456e-27,1.6139927811341662e-17,False,conch,uni,14,moderate,False,0.0,True
mann_whitney_u,13887505.0,0.0,2.198769046085816,large,3854,3854,0.614684901141671,0.330148868707836,0.020171515573114654,3.9481906086888005e-23,False,conch,uni,14,severe,False,0.0,True
mann_whitney_u,10314740.5,4.116382003146458e-192,0.8184454581207357,large,3854,3854,0.9466036624286455,0.9104483855734303,2.89258340689616e-41,1.6785818742007843e-38,False,conch,uni,15,mild,False,6.668538845097262e-190,True
mann_whitney_u,10790107.0,8.319262347729357e-260,0.9597785385633508,large,3854,3854,0.7860886014530358,0.667476770627919,1.1641655359133245e-27,1.0404194477737264e-26,False,conch,uni,15,moderate,False,1.347720500332156e-257,True
mann_whitney_u,12033588.0,0.0,1.2618831486390325,large,3854,3854,0.5701044291645044,0.40701892656979766,0.058404048253419695,6.713787006911599e-15,False,conch,uni,15,severe,False,0.0,True
mann_whitney_u,9526229.5,1.7845621493483291e-102,0.6713055969017924,medium,3854,3854,0.9932223559937727,0.9889650653866113,5.8694599156581605e-43,3.469067690015505e-49,False,conch,uni,16,mild,False,2.890990681944293e-100,True
mann_whitney_u,7317069.0,0.2619151464056284,0.2644020178495376,medium,3854,3854,0.9841357703684483,0.9809719566683964,1.0431911328056721e-38,3.8564780712010647e-51,False,conch,uni,16,moderate,False,1.0,False
mann_whitney_u,6248252.0,1.645611755441428e-33,-0.003928634437988155,small,3854,3854,0.9750138220031136,0.9750748658536584,4.318530260892581e-37,2.9701413325599573e-52,False,conch,uni,16,severe,False,2.6658910438151135e-31,True
mann_whitney_u,579195.0,0.0,-1.6392976941591944,large,3854,3854,0.9610950555267254,0.9877660653866114,2.8890860702893454e-42,1.375281397024979e-79,False,conch,uni,17,mild,False,0.0,True
zero_variance_identical,,1.0,0.0,none,3854,3854,1.0,1.0,,,False,conch,uni,17,moderate,False,1.0,False
mann_whitney_u,8709083.0,2.2639871702719502e-39,0.48725056653930876,medium,3854,3854,0.8863012049818371,0.8210663764919565,5.913005430532165e-51,2.036860534910579e-48,False,conch,uni,17,severe,False,3.667659215840559e-37,True
mann_whitney_u,4675826.0,1.7709559178567077e-174,-0.4121979885618906,medium,3854,3854,0.9831557856772185,0.9865368676699533,2.91266116225594e-45,1.618834817024813e-59,False,conch,uni,18,mild,False,2.868948586927867e-172,True
zero_variance_identical,,1.0,0.0,none,3854,3854,1.0,1.0,,,False,conch,uni,18,moderate,False,1.0,False
mann_whitney_u,6103781.5,8.77438959033701e-42,-0.15836787340836223,small,3854,3854,0.981409426310327,0.9833514846912298,6.124046568337853e-52,2.792568811714975e-60,False,conch,uni,18,severe,False,1.4214511136345957e-39,True
mann_whitney_u,8614541.5,5.041220091870483e-34,0.4506190883885776,medium,3854,3854,0.9754926268811625,0.9580887405293202,2.660838159201321e-62,1.3109273553760333e-59,False,quilt_llava,uni,1,mild,False,8.166776548830183e-32,True
mann_whitney_u,12236302.5,0.0,1.146235563094393,large,3854,3854,0.9517732013492476,0.8772199314997404,7.307085238862838e-59,1.558298043401623e-44,False,quilt_llava,uni,1,moderate,False,0.0,True
mann_whitney_u,13655026.0,0.0,1.6090833209150444,large,3854,3854,0.9402777254800206,0.8193610282823041,4.9372777905227115e-60,2.3760254455204337e-41,False,quilt_llava,uni,1,severe,False,0.0,True
mann_whitney_u,8170679.0,2.6031260555837308e-14,0.20294880282896036,medium,3854,3854,0.9980759867669954,0.9968985215360664,2.765478654570235e-78,2.3111962329925994e-78,False,quilt_llava,uni,2,mild,False,4.217064210045644e-12,True
mann_whitney_u,7906648.0,8.935802407136233e-07,0.212785271948395,medium,3854,3854,0.9846534885832902,0.9785638448365335,8.477687018332566e-66,8.572678065063312e-72,False,quilt_llava,uni,2,moderate,False,0.00014475999899560697,True
mann_whitney_u,8528447.5,1.6624968830532633e-29,0.44268579358628274,medium,3854,3854,0.9564008728593669,0.9255101219512195,1.3017296684482907e-64,6.621736102925154e-61,False,quilt_llava,uni,2,severe,False,2.6932449505462865e-27,True
mann_whitney_u,14432123.5,0.0,1.6919432003617798,large,3854,3854,0.9895263406850027,0.9554214976647639,1.6202382763795775e-74,4.301932699825322e-54,False,quilt_llava,uni,3,mild,False,0.0,True
mann_whitney_u,3059254.0,0.0,-0.2921133338598762,medium,3854,3854,0.999132316035288,0.9995474660093409,1.4901468818682272e-78,8.109884186443101e-86,False,quilt_llava,uni,3,moderate,False,0.0,True
mann_whitney_u,14133963.5,0.0,1.3972147316926455,large,3854,3854,0.9928454532952776,0.9700560788790867,4.5783632424387314e-64,1.7370730622620612e-57,False,quilt_llava,uni,3,severe,False,0.0,True
mann_whitney_u,7782178.5,0.0002731481909837451,0.06816791170162492,small,3854,3854,0.99453326336274,0.9941794662688116,1.7272375420501685e-72,8.829211014628078e-74,False,quilt_llava,uni,4,mild,False,0.04425000693936671,True
mann_whitney_u,9190821.0,6.578629282506273e-73,0.35852655160748637,medium,3854,3854,0.972191439283861,0.9650147215879605,1.6650605507651477e-65,2.003051321496758e-53,False,quilt_llava,uni,4,moderate,False,1.0657379437660162e-70,True
mann_whitney_u,13656157.5,0.0,1.646476858816585,large,3854,3854,0.9332300298391283,0.8536835407368967,1.5383497885040857e-54,2.6222689448464858e-42,False,quilt_llava,uni,4,severe,False,0.0,True
mann_whitney_u,9738120.0,8.71006481880397e-124,0.8376359574426679,large,3854,3854,0.9846411040477426,0.928287953035807,6.497231379037739e-67,1.7672223689271475e-59,False,quilt_llava,uni,5,mild,False,1.4110305006462431e-121,True
mann_whitney_u,10578221.0,2.306166711109491e-228,0.932563088791555,large,3854,3854,0.9653158235599378,0.8721375524130773,2.218831305365893e-61,1.1009590887272607e-53,False,quilt_llava,uni,5,moderate,False,3.7359900719973754e-226,True
mann_whitney_u,11551155.0,0.0,1.1256617780263976,large,3854,3854,0.9441088271925272,0.7867148956927867,4.007925375143012e-56,5.566645740519057e-47,False,quilt_llava,uni,5,severe,False,0.0,True
mann_whitney_u,644063.0,0.0,-1.354463720555477,large,3854,3854,0.9223623388687079,0.9773617304099637,3.905366295349768e-68,8.539181055361683e-53,False,quilt_llava,uni,6,mild,False,0.0,True
mann_whitney_u,6465989.0,7.994302366345438e-23,-0.2638671081537486,medium,3854,3854,0.8585532644006227,0.8781705264660093,1.2133936016321976e-62,8.554918506613901e-35,False,quilt_llava,uni,6,moderate,False,1.295076983347961e-20,True
mann_whitney_u,11074141.0,3.698610786761945e-305,0.7631843724067823,medium,3854,3854,0.8062690601971978,0.7377331956408926,1.7349547453107915e-54,3.2267097803999647e-09,False,quilt_llava,uni,6,severe,False,5.991749474554352e-303,True
mann_whitney_u,12800614.5,0.0,1.3743479845371336,large,3854,3854,0.9201579473274519,0.8493549665282824,8.248021957593018e-60,1.9369441281087997e-28,False,quilt_llava,uni,7,mild,False,0.0,True
mann_whitney_u,13875235.0,0.0,2.1030778865641135,large,3854,3854,0.8363397804878049,0.6456679470679813,7.736949421298177e-51,1.934161882550021e-09,False,quilt_llava,uni,7,moderate,False,0.0,True
mann_whitney_u,13970778.0,0.0,2.25620500582327,large,3854,3854,0.748229469901401,0.5135404507005709,1.787251835249842e-26,0.00014023342627626428,False,quilt_llava,uni,7,severe,False,0.0,True
mann_whitney_u,9677560.5,1.734323261298802e-117,0.7328182707972083,medium,3854,3854,0.9546638606642448,0.9007987789309807,2.2723767678820297e-55,3.1084115701252273e-58,False,quilt_llava,uni,8,mild,False,2.8096036833040594e-115,True
mann_whitney_u,14666612.5,0.0,2.8453223467268667,large,3854,3854,0.9086516045666839,0.6141474242345616,1.524095763728831e-54,7.037720454743906e-14,False,quilt_llava,uni,8,moderate,False,0.0,True
mann_whitney_u,14849948.0,0.0,5.880900749242348,large,3854,3854,0.8351511974571872,0.31385822418266734,3.45755126052968e-41,3.1387728901358824e-22,False,quilt_llava,uni,8,severe,False,0.0,True
mann_whitney_u,13979125.5,0.0,2.0070166696400675,large,3854,3854,0.8693046852620654,0.6192103425012975,3.194010349583705e-37,1.4871019116721731e-24,False,quilt_llava,uni,9,mild,False,0.0,True
mann_whitney_u,14822917.0,0.0,4.219414062377069,large,3854,3854,0.8228232602490918,0.37643442838609237,6.529129562397607e-31,2.6305476802569135e-10,False,quilt_llava,uni,9,moderate,False,0.0,True
mann_whitney_u,14850561.0,0.0,6.19049083125172,large,3854,3854,0.798294458744162,0.26369917410482613,1.1193489752248797e-28,1.4955124927908624e-19,False,quilt_llava,uni,9,severe,False,0.0,True
mann_whitney_u,12595368.0,0.0,1.4980569395556176,large,3854,3854,0.9222959724961078,0.816482803061754,1.403904078019479e-50,2.845099891950575e-30,False,quilt_llava,uni,10,mild,False,0.0,True
mann_whitney_u,14173244.0,0.0,2.271378148756413,large,3854,3854,0.8782018323819408,0.6816591128697458,1.7798874310684405e-47,1.0187492265527651e-16,False,quilt_llava,uni,10,moderate,False,0.0,True
mann_whitney_u,14701958.5,0.0,3.3139816261607233,large,3854,3854,0.8448038370524131,0.5032345695381422,1.602035332845959e-54,1.1096789934380762e-15,False,quilt_llava,uni,10,severe,False,0.0,True
mann_whitney_u,14255270.0,0.0,1.6876173918911546,large,3854,3854,0.9781120747275558,0.901474362999481,3.305326653500039e-66,3.2765849598917527e-44,False,quilt_llava,uni,11,mild,False,0.0,True
mann_whitney_u,14514738.0,0.0,1.861444013750496,large,3854,3854,0.9842048207057603,0.9123842052413077,7.666156695212381e-73,8.113292310267254e-45,False,quilt_llava,uni,11,moderate,False,0.0,True
mann_whitney_u,14157018.0,0.0,1.6649821570647352,large,3854,3854,0.9778638092890504,0.9120692693305658,1.040482732825467e-65,8.060964762616961e-47,False,quilt_llava,uni,11,severe,False,0.0,True
mann_whitney_u,14720956.5,0.0,2.6951020396017995,large,3854,3854,0.9117590531914894,0.7428338775298392,2.3356902894417742e-49,1.2637260473029838e-34,False,quilt_llava,uni,12,mild,False,0.0,True
mann_whitney_u,13853758.0,0.0,1.2857383195729035,large,3854,3854,0.9681045067462376,0.9089509475869226,1.0209930748639287e-74,1.9342320076903895e-62,False,quilt_llava,uni,12,moderate,False,0.0,True
mann_whitney_u,14122636.5,0.0,1.8589263232460462,large,3854,3854,0.9418605980799168,0.8019764161909705,2.3579425890172504e-70,3.4073374155739975e-46,False,quilt_llava,uni,12,severe,False,0.0,True
mann_whitney_u,9382634.5,3.426196551425047e-89,0.41222371266938135,medium,3854,3854,0.9894702911261027,0.9854801380384017,3.636801315605105e-74,2.8658048303252705e-52,False,quilt_llava,uni,13,mild,False,5.550438413308575e-87,True
mann_whitney_u,10703673.5,9.83815166326673e-247,0.5455004756950208,medium,3854,3854,0.9858236940840684,0.9788770838090296,2.1100490013488113e-74,4.1716720606529305e-50,False,quilt_llava,uni,13,moderate,False,1.5937805694492103e-244,True
mann_whitney_u,10840712.0,1.2838957133948042e-267,0.5611342847002854,medium,3854,3854,0.9823841816294758,0.9738890544888428,1.0088718019443024e-72,1.4863251423368038e-52,False,quilt_llava,uni,13,severe,False,2.079911055699583e-265,True
mann_whitney_u,6966733.0,2.497606269280472e-06,-0.10479509879123067,small,3854,3854,0.9153399335755059,0.9206618912817852,1.1314471235254532e-67,2.1389326290476993e-39,False,quilt_llava,uni,14,mild,False,0.0004046122156234364,True
mann_whitney_u,12472874.0,0.0,1.3640599759779708,large,3854,3854,0.8024800988583289,0.649832784379865,3.1188202778337193e-53,1.6139927811341662e-17,False,quilt_llava,uni,14,moderate,False,0.0,True
mann_whitney_u,14445607.5,0.0,2.7581587301537906,large,3854,3854,0.6366237623248574,0.330148868707836,3.65227081959217e-10,3.9481906086888005e-23,False,quilt_llava,uni,14,severe,False,0.0,True
mann_whitney_u,6240097.0,5.949420247533884e-34,-0.17095826799290031,small,3854,3854,0.9016805464452516,0.9104483855734303,4.325105947735253e-62,1.6785818742007843e-38,False,quilt_llava,uni,15,mild,False,9.638060801004892e-32,True
mann_whitney_u,11866099.5,0.0,1.260126493564628,large,3854,3854,0.8158755944473274,0.667476770627919,4.2250004377894894e-52,1.0404194477737264e-26,False,quilt_llava,uni,15,moderate,False,0.0,True
mann_whitney_u,14034801.0,0.0,2.305416758685797,large,3854,3854,0.6567499034769072,0.40701892656979766,8.049565399836271e-06,6.713787006911599e-15,False,quilt_llava,uni,15,severe,False,0.0,True
mann_whitney_u,8807703.0,2.2153187885605237e-45,0.26699474027282744,medium,3854,3854,0.9913324203425012,0.9889650653866113,7.919412795674702e-78,3.469067690015505e-49,False,quilt_llava,uni,16,mild,False,3.588816437468048e-43,True
mann_whitney_u,7428698.0,0.9833424121542389,0.11590513021543579,small,3854,3854,0.9827523671510119,0.9809719566683964,3.277161395692561e-74,3.8564780712010647e-51,False,quilt_llava,uni,16,moderate,False,1.0,False
mann_whitney_u,7151150.0,0.004796128424806843,0.05910978086042037,small,3854,3854,0.9762033876491957,0.9750748658536584,5.260248233442663e-72,2.9701413325599573e-52,False,quilt_llava,uni,16,severe,False,0.7769728048187086,False
mann_whitney_u,906741.5,0.0,-1.127696964357304,large,3854,3854,0.9718691562013493,0.9877660653866114,4.825748731147678e-65,1.375281397024979e-79,False,quilt_llava,uni,17,mild,False,0.0,True
zero_variance_identical,,1.0,0.0,none,3854,3854,1.0,1.0,,,False,quilt_llava,uni,17,moderate,False,1.0,False
mann_whitney_u,9783019.0,1.4530551908532631e-128,0.7698228709203766,medium,3854,3854,0.9190334636741049,0.8210663764919565,7.8338650281321e-62,2.036860534910579e-48,False,quilt_llava,uni,17,severe,False,2.3539494091822863e-126,True
mann_whitney_u,7912272.5,6.650103786859257e-07,0.2031581419218208,medium,3854,3854,0.9882232467566164,0.9865368676699533,2.3906356088033656e-71,1.618834817024813e-59,False,quilt_llava,uni,18,mild,False,0.00010773168134711998,True
zero_variance_identical,,1.0,0.0,none,3854,3854,1.0,1.0,,,False,quilt_llava,uni,18,moderate,False,1.0,False
mann_whitney_u,8604210.0,1.8298878485238794e-33,0.24430378154201357,medium,3854,3854,0.9862053858329007,0.9833514846912298,7.498442475533148e-56,2.792568811714975e-60,False,quilt_llava,uni,18,severe,False,2.9644183146086848e-31,True
