test_used,statistic,p_value,cohens_d,effect_size,n_a,n_b,mean_a,mean_b,shapiro_p_a,shapiro_p_b,both_groups_normal,outlier_model,primary_model,severity,skipped,p_value_fdr_bh,significant_fdr_bh
mann_whitney_u,122.0,0.21140013326822704,-0.31912863542166936,medium,18,18,0.9093035,0.9334269444444446,0.08037812615612028,5.291760343468114e-05,False,quilt_llava,conch,mild,False,0.3023281571426018,False
mann_whitney_u,146.0,0.6236286198474463,-0.13313025603242298,small,18,18,0.8472796666666667,0.8653029999999999,0.036594054819709905,0.017844142273078987,False,quilt_llava,conch,moderate,False,0.6236286198474463,False
welch_t_test,-0.5359430992048152,0.595487718218145,-0.17864769973493844,small,18,18,0.7576026666666666,0.7871629444444445,0.2885050880468456,0.06813941342851258,True,quilt_llava,conch,severe,False,0.6236286198474463,False
mann_whitney_u,86.0,0.016907445097637797,-0.7098375501564698,medium,18,18,0.9093035,0.956035222222222,0.08037812615612028,1.3779748931046074e-05,False,quilt_llava,gigapath_tile,mild,False,0.07608350293937009,False
mann_whitney_u,124.0,0.23514412222202363,-0.48628281584651667,medium,18,18,0.8472796666666667,0.9060500555555555,0.036594054819709905,0.010061372173469958,False,quilt_llava,gigapath_tile,moderate,False,0.3023281571426018,False
mann_whitney_u,105.0,0.07384365056328972,-0.5954701386767608,medium,18,18,0.7576026666666666,0.8474554444444444,0.2885050880468456,0.01998798164075185,False,quilt_llava,gigapath_tile,severe,False,0.14202955846645127,False
mann_whitney_u,80.5,0.010380447741863226,-0.7600560182722766,medium,18,18,0.9093035,0.9584187222222224,0.08037812615612028,5.0571024318552334e-05,False,quilt_llava,uni,mild,False,0.07608350293937009,False
mann_whitney_u,106.0,0.07890531025913959,-0.7075530013125401,medium,18,18,0.8472796666666667,0.929565,0.036594054819709905,0.00026859366001275687,False,quilt_llava,uni,moderate,False,0.14202955846645127,False
mann_whitney_u,97.0,0.04128168070817079,-0.692399296746143,medium,18,18,0.7576026666666666,0.8615802222222223,0.2885050880468456,0.018496039045520014,False,quilt_llava,uni,severe,False,0.12384504212451236,False
