test_used,statistic,p_value,cohens_d,effect_size,n_a,n_b,mean_a,mean_b,shapiro_p_a,shapiro_p_b,both_groups_normal,model,severity,skipped,n_perturbations_acc,n_perturbations_gdc,p_value_bonferroni,significant_bonferroni
mann_whitney_u,140.0,0.4963589047945871,-0.21263049458605998,medium,18,18,0.9253795555555556,0.9421270555555556,4.6833864663298335e-05,0.0004386973298644155,False,conch,mild,False,18,18,1.0,False
mann_whitney_u,140.0,0.4960815582924927,-0.2046670182154927,medium,18,18,0.8530274444444443,0.8803386111111111,0.021617506488436466,0.016643223394148317,False,conch,moderate,False,18,18,1.0,False
mann_whitney_u,136.0,0.41979076804604143,-0.27639612255912666,medium,18,18,0.7641214999999999,0.8101423888888889,0.12274118481653146,0.023942705547090156,False,conch,severe,False,18,18,1.0,False
mann_whitney_u,128.0,0.28919323724869117,-0.3906238075297075,medium,18,18,0.9018198888888889,0.9276093888888889,0.13501379143158831,0.029905221924974048,False,quilt_llava,mild,False,18,18,1.0,False
mann_whitney_u,135.0,0.4014901046333713,-0.3607187186263051,medium,18,18,0.8345549444444446,0.8811600555555557,0.0882839233535036,0.02200221274006131,False,quilt_llava,moderate,False,18,18,1.0,False
welch_t_test,-1.3608327867281973,0.1827941732728115,-0.45361092890939914,medium,18,18,0.7402788888888888,0.8127967222222222,0.3211327263541619,0.06143514881815307,True,quilt_llava,severe,False,18,18,1.0,False
mann_whitney_u,92.0,0.027886264742467463,-0.6295548888110896,medium,18,18,0.9081377222222223,0.9567980000000001,0.005927763818420602,4.568883619547615e-05,False,uni,mild,False,18,18,0.2509763826822072,False
mann_whitney_u,116.0,0.14973064243274758,-0.5377902718067428,medium,18,18,0.8510199444444445,0.9145656666666666,0.05481171551796789,0.0009128384155799363,False,uni,moderate,False,18,18,1.0,False
mann_whitney_u,106.0,0.07909826263265422,-0.5975732433867403,medium,18,18,0.7617285555555555,0.8525804444444445,0.13722940808108347,0.004775583097632826,False,uni,severe,False,18,18,0.711884363693888,False
